xDate,xHour,REGION,MICRO_CLUSTER,Subscluster,CLUSTER2b,site_id,BSC_ID,BCF_ID,BTS_ID,CELL_ID,BAND,tch_avail,TBF_DROP,CSSR,gsm_data_total_traffic_DL,Drop_Call_Rate_2,TCH_Traffic_trf_24c,HOSR,TASR,SDCCH_DROP,DLQUAL0_5,ULQUAL0_5,Date_hour,id
2021-04-15 00:00:00,0 days 00:00:00,KRO,MC-SAMARINDA 2,PO21_01_KAL_1800_22,,19SMR189,408974,2331,2331,44351,900,100.0,0.0,100.0,525.74,0.0,0.0,,100.0,0.0,100.0,100.0,2021-04-15 00:00:00,44351
2021-04-15 00:00:00,0 days 00:00:00,KRO,MC-SAMARINDA 2,PO21_01_KAL_1800_22,,19SMR189,408974,2331,2332,44352,900,100.0,0.0,100.0,0.58,0.0,0.0,,100.0,0.0,100.0,100.0,2021-04-15 00:00:00,44352
2021-04-15 00:00:00,0 days 00:00:00,KRO,MC-SAMARINDA 2,PO21_01_KAL_1800_22,,19SMR189,408974,2331,2333,44353,900,100.0,0.0,100.0,10.59,0.0,0.02,,100.0,0.0,100.0,87.76,2021-04-15 00:00:00,44353
2021-04-15 00:00:00,0 days 01:00:00,KRO,MC-SAMARINDA 2,PO21_01_KAL_1800_22,,19SMR189,408974,2331,2331,44351,900,100.0,0.03,,931.02,,0.0,,,0.0,,,2021-04-15 01:00:00,44351
2021-04-15 00:00:00,0 days 01:00:00,KRO,MC-SAMARINDA 2,PO21_01_KAL_1800_22,,19SMR189,408974,2331,2332,44352,900,100.0,0.0,,0.29,,0.0,,,7.69,,,2021-04-15 01:00:00,44352
2021-04-15 00:00:00,0 days 01:00:00,KRO,MC-SAMARINDA 2,PO21_01_KAL_1800_22,,19SMR189,408974,2331,2333,44353,900,100.0,1.56,100.0,171.31,0.0,0.0,,100.0,0.0,100.0,77.5,2021-04-15 01:00:00,44353
2021-04-15 00:00:00,0 days 02:00:00,KRO,MC-SAMARINDA 2,PO21_01_KAL_1800_22,,19SMR189,408974,2331,2331,44351,900,100.0,0.0,100.0,719.38,0.0,0.01,,100.0,0.0,100.0,100.0,2021-04-15 02:00:00,44351
2021-04-15 00:00:00,0 days 02:00:00,KRO,MC-SAMARINDA 2,PO21_01_KAL_1800_22,,19SMR189,408974,2331,2332,44352,900,100.0,13.04,91.67,1.63,0.0,0.14,,100.0,8.33,99.79,100.0,2021-04-15 02:00:00,44352
2021-04-15 00:00:00,0 days 02:00:00,KRO,MC-SAMARINDA 2,PO21_01_KAL_1800_22,,19SMR189,408974,2331,2333,44353,900,100.0,0.78,100.0,41.56,0.0,0.03,,100.0,0.0,100.0,100.0,2021-04-15 02:00:00,44353
2021-04-15 00:00:00,0 days 03:00:00,KRO,MC-SAMARINDA 2,PO21_01_KAL_1800_22,,19SMR189,408974,2331,2331,44351,900,100.0,0.08,,735.32,,0.0,,,0.0,,,2021-04-15 03:00:00,44351
2021-04-15 00:00:00,0 days 03:00:00,KRO,MC-SAMARINDA 2,PO21_01_KAL_1800_22,,19SMR189,408974,2331,2332,44352,900,100.0,1.52,100.0,3.92,0.0,0.03,,100.0,0.0,100.0,100.0,2021-04-15 03:00:00,44352
2021-04-15 00:00:00,0 days 03:00:00,KRO,MC-SAMARINDA 2,PO21_01_KAL_1800_22,,19SMR189,408974,2331,2333,44353,900,100.0,0.67,92.5,14.39,0.0,0.03,100.0,100.0,7.5,91.55,100.0,2021-04-15 03:00:00,44353
2021-04-15 00:00:00,0 days 04:00:00,KRO,MC-SAMARINDA 2,PO21_01_KAL_1800_22,,19SMR189,408974,2331,2331,44351,900,100.0,-0.05,,585.58,,0.0,,,0.0,,,2021-04-15 04:00:00,44351
2021-04-15 00:00:00,0 days 04:00:00,KRO,MC-SAMARINDA 2,PO21_01_KAL_1800_22,,19SMR189,408974,2331,2332,44352,900,100.0,0.0,96.43,3.9,0.0,0.11,,100.0,3.57,99.77,98.85,2021-04-15 04:00:00,44352
2021-04-15 00:00:00,0 days 04:00:00,KRO,MC-SAMARINDA 2,PO21_01_KAL_1800_22,,19SMR189,408974,2331,2333,44353,900,100.0,0.3,100.0,146.47,0.0,0.08,,100.0,0.0,100.0,100.0,2021-04-15 04:00:00,44353
2021-04-15 00:00:00,0 days 05:00:00,KRO,MC-SAMARINDA 2,PO21_01_KAL_1800_22,,19SMR189,408974,2331,2331,44351,900,100.0,0.0,,889.21,,0.0,,,0.0,,,2021-04-15 05:00:00,44351
2021-04-15 00:00:00,0 days 05:00:00,KRO,MC-SAMARINDA 2,PO21_01_KAL_1800_22,,19SMR189,408974,2331,2332,44352,900,100.0,0.25,100.0,2505.23,0.0,0.01,,100.0,0.0,100.0,100.0,2021-04-15 05:00:00,44352
2021-04-15 00:00:00,0 days 05:00:00,KRO,MC-SAMARINDA 2,PO21_01_KAL_1800_22,,19SMR189,408974,2331,2333,44353,900,100.0,1.1,99.04,691.36,0.0,0.02,,100.0,0.96,100.0,93.83,2021-04-15 05:00:00,44353
2021-04-15 00:00:00,0 days 06:00:00,KRO,MC-SAMARINDA 2,PO21_01_KAL_1800_22,,19SMR189,408974,2331,2331,44351,900,100.0,0.0,,733.47,,0.0,,,0.0,,,2021-04-15 06:00:00,44351
2021-04-15 00:00:00,0 days 06:00:00,KRO,MC-SAMARINDA 2,PO21_01_KAL_1800_22,,19SMR189,408974,2331,2332,44352,900,100.0,1.8,100.0,434.89,0.0,0.04,,100.0,0.0,100.0,88.28,2021-04-15 06:00:00,44352
2021-04-15 00:00:00,0 days 06:00:00,KRO,MC-SAMARINDA 2,PO21_01_KAL_1800_22,,19SMR189,408974,2331,2333,44353,900,100.0,0.55,94.0,289.73,0.0,0.59,100.0,100.0,6.0,99.86,99.67,2021-04-15 06:00:00,44353
2021-04-15 00:00:00,0 days 07:00:00,KRO,MC-SAMARINDA 2,PO21_01_KAL_1800_22,,19SMR189,408974,2331,2331,44351,900,100.0,0.0,66.67,170.6,0.0,0.03,,100.0,33.33,100.0,100.0,2021-04-15 07:00:00,44351
2021-04-15 00:00:00,0 days 07:00:00,KRO,MC-SAMARINDA 2,PO21_01_KAL_1800_22,,19SMR189,408974,2331,2332,44352,900,100.0,5.71,92.0,102.33,0.0,0.01,,100.0,8.0,98.18,100.0,2021-04-15 07:00:00,44352
2021-04-15 00:00:00,0 days 07:00:00,KRO,MC-SAMARINDA 2,PO21_01_KAL_1800_22,,19SMR189,408974,2331,2333,44353,900,100.0,0.4,95.0,45.16,0.0,0.08,,100.0,5.0,100.0,78.52,2021-04-15 07:00:00,44353
2021-04-15 00:00:00,0 days 08:00:00,KRO,MC-SAMARINDA 2,PO21_01_KAL_1800_22,,19SMR189,408974,2331,2331,44351,900,100.0,0.0,100.0,1.23,0.0,0.08,100.0,100.0,0.0,93.17,95.12,2021-04-15 08:00:00,44351
2021-04-15 00:00:00,0 days 08:00:00,KRO,MC-SAMARINDA 2,PO21_01_KAL_1800_22,,19SMR189,408974,2331,2332,44352,900,100.0,0.0,98.31,0.29,0.0,0.13,100.0,100.0,1.69,97.69,100.0,2021-04-15 08:00:00,44352
2021-04-15 00:00:00,0 days 08:00:00,KRO,MC-SAMARINDA 2,PO21_01_KAL_1800_22,,19SMR189,408974,2331,2333,44353,900,100.0,3.39,98.41,12.98,0.0,0.87,,100.0,1.59,100.0,96.52,2021-04-15 08:00:00,44353
2021-04-15 00:00:00,0 days 09:00:00,KRO,MC-SAMARINDA 2,PO21_01_KAL_1800_22,,19SMR189,408974,2331,2331,44351,900,100.0,0.0,100.0,0.67,0.0,0.06,,100.0,0.0,100.0,93.12,2021-04-15 09:00:00,44351
2021-04-15 00:00:00,0 days 09:00:00,KRO,MC-SAMARINDA 2,PO21_01_KAL_1800_22,,19SMR189,408974,2331,2332,44352,900,100.0,3.85,94.12,6.63,0.0,0.22,100.0,100.0,3.03,98.33,99.49,2021-04-15 09:00:00,44352
2021-04-15 00:00:00,0 days 09:00:00,KRO,MC-SAMARINDA 2,PO21_01_KAL_1800_22,,19SMR189,408974,2331,2333,44353,900,100.0,1.12,98.25,12.89,0.0,1.16,100.0,100.0,1.75,99.87,98.5,2021-04-15 09:00:00,44353
2021-04-15 00:00:00,0 days 10:00:00,KRO,MC-SAMARINDA 2,PO21_01_KAL_1800_22,,19SMR189,408974,2331,2331,44351,900,100.0,0.0,,0.29,,0.0,,,0.0,,,2021-04-15 10:00:00,44351
2021-04-15 00:00:00,0 days 10:00:00,KRO,MC-SAMARINDA 2,PO21_01_KAL_1800_22,,19SMR189,408974,2331,2332,44352,900,100.0,0.0,107.14,0.54,0.0,0.0,,100.0,0.0,,,2021-04-15 10:00:00,44352
2021-04-15 00:00:00,0 days 10:00:00,KRO,MC-SAMARINDA 2,PO21_01_KAL_1800_22,,19SMR189,408974,2331,2333,44353,900,100.0,1.04,98.36,346.44,0.0,0.44,,100.0,1.64,100.0,99.9,2021-04-15 10:00:00,44353
2021-04-15 00:00:00,0 days 11:00:00,KRO,MC-SAMARINDA 2,PO21_01_KAL_1800_22,,19SMR189,408974,2331,2331,44351,900,100.0,0.14,,531.32,,0.0,,,0.0,,,2021-04-15 11:00:00,44351
2021-04-15 00:00:00,0 days 11:00:00,KRO,MC-SAMARINDA 2,PO21_01_KAL_1800_22,,19SMR189,408974,2331,2332,44352,900,100.0,1.69,97.14,9.25,0.0,0.06,100.0,100.0,0.0,99.18,100.0,2021-04-15 11:00:00,44352
2021-04-15 00:00:00,0 days 11:00:00,KRO,MC-SAMARINDA 2,PO21_01_KAL_1800_22,,19SMR189,408974,2331,2333,44353,900,100.0,0.0,98.46,8.0,0.0,1.14,100.0,100.0,1.54,99.94,99.46,2021-04-15 11:00:00,44353
2021-04-15 00:00:00,0 days 12:00:00,KRO,MC-SAMARINDA 2,PO21_01_KAL_1800_22,,19SMR189,408974,2331,2331,44351,900,100.0,0.07,100.0,1318.39,,0.01,100.0,100.0,0.0,76.92,100.0,2021-04-15 12:00:00,44351
2021-04-15 00:00:00,0 days 12:00:00,KRO,MC-SAMARINDA 2,PO21_01_KAL_1800_22,,19SMR189,408974,2331,2332,44352,900,100.0,3.28,102.94,4.62,0.0,0.54,100.0,100.0,0.0,96.77,100.0,2021-04-15 12:00:00,44352
2021-04-15 00:00:00,0 days 12:00:00,KRO,MC-SAMARINDA 2,PO21_01_KAL_1800_22,,19SMR189,408974,2331,2333,44353,900,100.0,0.0,100.0,388.58,0.0,0.13,,100.0,0.0,99.66,96.95,2021-04-15 12:00:00,44353
2021-04-15 00:00:00,0 days 13:00:00,KRO,MC-SAMARINDA 2,PO21_01_KAL_1800_22,,19SMR189,408974,2331,2331,44351,900,100.0,0.11,100.0,1075.77,0.0,0.01,,100.0,0.0,87.5,100.0,2021-04-15 13:00:00,44351
2021-04-15 00:00:00,0 days 13:00:00,KRO,MC-SAMARINDA 2,PO21_01_KAL_1800_22,,19SMR189,408974,2331,2332,44352,900,100.0,8.33,93.75,55.14,0.0,1.56,,100.0,6.25,99.99,100.0,2021-04-15 13:00:00,44352
2021-04-15 00:00:00,0 days 13:00:00,KRO,MC-SAMARINDA 2,PO21_01_KAL_1800_22,,19SMR189,408974,2331,2333,44353,900,100.0,1.41,96.15,17.39,0.0,1.82,100.0,100.0,3.85,98.78,94.96,2021-04-15 13:00:00,44353
2021-04-15 00:00:00,0 days 14:00:00,KRO,MC-SAMARINDA 2,PO21_01_KAL_1800_22,,19SMR189,408974,2331,2331,44351,900,100.0,0.36,,1111.83,,0.0,,,0.0,,,2021-04-15 14:00:00,44351
2021-04-15 00:00:00,0 days 14:00:00,KRO,MC-SAMARINDA 2,PO21_01_KAL_1800_22,,19SMR189,408974,2331,2332,44352,900,100.0,0.0,,126.69,,0.0,,,6.25,,,2021-04-15 14:00:00,44352
2021-04-15 00:00:00,0 days 14:00:00,KRO,MC-SAMARINDA 2,PO21_01_KAL_1800_22,,19SMR189,408974,2331,2333,44353,900,100.0,0.93,100.0,9.91,0.0,0.84,,100.0,0.0,99.87,93.95,2021-04-15 14:00:00,44353
2021-04-15 00:00:00,0 days 15:00:00,KRO,MC-SAMARINDA 2,PO21_01_KAL_1800_22,,19SMR189,408974,2331,2331,44351,900,100.0,-0.04,100.0,649.9,,0.01,100.0,100.0,0.0,100.0,100.0,2021-04-15 15:00:00,44351
2021-04-15 00:00:00,0 days 15:00:00,KRO,MC-SAMARINDA 2,PO21_01_KAL_1800_22,,19SMR189,408974,2331,2332,44352,900,100.0,0.1,97.56,551.42,0.0,0.11,,100.0,2.44,96.4,99.1,2021-04-15 15:00:00,44352
2021-04-15 00:00:00,0 days 15:00:00,KRO,MC-SAMARINDA 2,PO21_01_KAL_1800_22,,19SMR189,408974,2331,2333,44353,900,100.0,1.91,100.0,200.38,0.0,0.3,100.0,100.0,0.0,99.4,100.0,2021-04-15 15:00:00,44353
2021-04-15 00:00:00,0 days 16:00:00,KRO,MC-SAMARINDA 2,PO21_01_KAL_1800_22,,19SMR189,408974,2331,2331,44351,900,100.0,0.0,,0.14,,0.0,,,0.0,,,2021-04-15 16:00:00,44351
2021-04-15 00:00:00,0 days 16:00:00,KRO,MC-SAMARINDA 2,PO21_01_KAL_1800_22,,19SMR189,408974,2331,2332,44352,900,100.0,0.15,100.0,1264.05,0.0,0.17,100.0,100.0,0.0,99.83,100.0,2021-04-15 16:00:00,44352
2021-04-15 00:00:00,0 days 16:00:00,KRO,MC-SAMARINDA 2,PO21_01_KAL_1800_22,,19SMR189,408974,2331,2333,44353,900,100.0,0.0,97.26,11.92,0.0,0.42,100.0,100.0,2.74,99.74,100.0,2021-04-15 16:00:00,44353
2021-04-15 00:00:00,0 days 17:00:00,KRO,MC-SAMARINDA 2,PO21_01_KAL_1800_22,,19SMR189,408974,2331,2331,44351,900,100.0,-100.0,100.0,0.0,0.0,0.43,100.0,100.0,0.0,97.42,100.0,2021-04-15 17:00:00,44351
2021-04-15 00:00:00,0 days 17:00:00,KRO,MC-SAMARINDA 2,PO21_01_KAL_1800_22,,19SMR189,408974,2331,2332,44352,900,100.0,0.04,100.0,1204.89,0.0,0.23,100.0,100.0,0.0,87.1,99.23,2021-04-15 17:00:00,44352
2021-04-15 00:00:00,0 days 17:00:00,KRO,MC-SAMARINDA 2,PO21_01_KAL_1800_22,,19SMR189,408974,2331,2333,44353,900,100.0,0.79,98.21,9.98,0.0,0.82,100.0,100.0,1.79,99.97,99.06,2021-04-15 17:00:00,44353
2021-04-15 00:00:00,0 days 18:00:00,KRO,MC-SAMARINDA 2,PO21_01_KAL_1800_22,,19SMR189,408974,2331,2331,44351,900,100.0,,100.0,0.0,0.0,0.06,100.0,100.0,0.0,98.29,100.0,2021-04-15 18:00:00,44351
2021-04-15 00:00:00,0 days 18:00:00,KRO,MC-SAMARINDA 2,PO21_01_KAL_1800_22,,19SMR189,408974,2331,2332,44352,900,100.0,0.13,97.14,1238.83,0.0,0.44,100.0,100.0,2.86,97.63,97.76,2021-04-15 18:00:00,44352
2021-04-15 00:00:00,0 days 18:00:00,KRO,MC-SAMARINDA 2,PO21_01_KAL_1800_22,,19SMR189,408974,2331,2333,44353,900,100.0,0.0,100.0,16.57,0.0,1.0,100.0,100.0,0.0,99.79,99.84,2021-04-15 18:00:00,44353
2021-04-15 00:00:00,0 days 19:00:00,KRO,MC-SAMARINDA 2,PO21_01_KAL_1800_22,,19SMR189,408974,2331,2331,44351,900,100.0,0.13,100.0,620.61,0.0,0.01,100.0,100.0,0.0,100.0,100.0,2021-04-15 19:00:00,44351
2021-04-15 00:00:00,0 days 19:00:00,KRO,MC-SAMARINDA 2,PO21_01_KAL_1800_22,,19SMR189,408974,2331,2332,44352,900,100.0,0.0,96.67,522.06,0.0,0.24,100.0,100.0,3.33,99.05,100.0,2021-04-15 19:00:00,44352
2021-04-15 00:00:00,0 days 19:00:00,KRO,MC-SAMARINDA 2,PO21_01_KAL_1800_22,,19SMR189,408974,2331,2333,44353,900,100.0,0.51,100.0,106.13,0.0,1.19,,100.0,0.0,99.82,100.0,2021-04-15 19:00:00,44353
2021-04-15 00:00:00,0 days 20:00:00,KRO,MC-SAMARINDA 2,PO21_01_KAL_1800_22,,19SMR189,408974,2331,2331,44351,900,100.0,0.06,100.0,882.94,0.0,0.02,,100.0,0.0,100.0,100.0,2021-04-15 20:00:00,44351
2021-04-15 00:00:00,0 days 20:00:00,KRO,MC-SAMARINDA 2,PO21_01_KAL_1800_22,,19SMR189,408974,2331,2332,44352,900,100.0,0.0,100.0,0.29,0.0,0.02,,100.0,0.0,100.0,100.0,2021-04-15 20:00:00,44352
2021-04-15 00:00:00,0 days 20:00:00,KRO,MC-SAMARINDA 2,PO21_01_KAL_1800_22,,19SMR189,408974,2331,2333,44353,900,100.0,0.7,100.0,51.63,0.0,2.09,,100.0,0.0,99.96,99.12,2021-04-15 20:00:00,44353
2021-04-15 00:00:00,0 days 21:00:00,KRO,MC-SAMARINDA 2,PO21_01_KAL_1800_22,,19SMR189,408974,2331,2331,44351,900,100.0,0.03,,722.58,,0.0,,,25.0,,,2021-04-15 21:00:00,44351
2021-04-15 00:00:00,0 days 21:00:00,KRO,MC-SAMARINDA 2,PO21_01_KAL_1800_22,,19SMR189,408974,2331,2332,44352,900,100.0,0.0,,0.87,,0.03,100.0,,14.29,88.03,100.0,2021-04-15 21:00:00,44352
2021-04-15 00:00:00,0 days 21:00:00,KRO,MC-SAMARINDA 2,PO21_01_KAL_1800_22,,19SMR189,408974,2331,2333,44353,900,100.0,1.65,87.8,10.39,0.0,2.04,,100.0,12.2,99.94,100.0,2021-04-15 21:00:00,44353
2021-04-15 00:00:00,0 days 22:00:00,KRO,MC-SAMARINDA 2,PO21_01_KAL_1800_22,,19SMR189,408974,2331,2331,44351,900,100.0,0.08,,726.99,,0.0,,,0.0,,,2021-04-15 22:00:00,44351
2021-04-15 00:00:00,0 days 22:00:00,KRO,MC-SAMARINDA 2,PO21_01_KAL_1800_22,,19SMR189,408974,2331,2332,44352,900,100.0,0.0,,0.43,,0.03,100.0,,0.0,96.19,100.0,2021-04-15 22:00:00,44352
2021-04-15 00:00:00,0 days 22:00:00,KRO,MC-SAMARINDA 2,PO21_01_KAL_1800_22,,19SMR189,408974,2331,2333,44353,900,100.0,2.11,100.0,8.17,0.0,1.86,,100.0,0.0,99.93,100.0,2021-04-15 22:00:00,44353
2021-04-16 00:00:00,0 days 00:00:00,KRO,MC-SAMARINDA 2,PO21_01_KAL_1800_22,,19SMR189,408974,2331,2331,44351,900,100.0,0.05,100.0,1732.25,0.0,0.01,,100.0,0.0,100.0,100.0,2021-04-16 00:00:00,44351
2021-04-16 00:00:00,0 days 00:00:00,KRO,MC-SAMARINDA 2,PO21_01_KAL_1800_22,,19SMR189,408974,2331,2332,44352,900,100.0,3.85,,1.62,,0.0,,,0.0,,,2021-04-16 00:00:00,44352
2021-04-16 00:00:00,0 days 00:00:00,KRO,MC-SAMARINDA 2,PO21_01_KAL_1800_22,,19SMR189,408974,2331,2333,44353,900,100.0,1.35,97.73,63.32,,0.0,100.0,100.0,2.27,100.0,100.0,2021-04-16 00:00:00,44353
2021-04-16 00:00:00,0 days 01:00:00,KRO,MC-SAMARINDA 2,PO21_01_KAL_1800_22,,19SMR189,408974,2331,2331,44351,900,100.0,0.11,,1102.7,,0.0,,,0.0,,,2021-04-16 01:00:00,44351
2021-04-16 00:00:00,0 days 01:00:00,KRO,MC-SAMARINDA 2,PO21_01_KAL_1800_22,,19SMR189,408974,2331,2332,44352,900,100.0,0.0,,1.27,,0.0,,,0.0,,,2021-04-16 01:00:00,44352
2021-04-16 00:00:00,0 days 01:00:00,KRO,MC-SAMARINDA 2,PO21_01_KAL_1800_22,,19SMR189,408974,2331,2333,44353,900,100.0,0.0,,14.68,,0.0,,,0.0,,,2021-04-16 01:00:00,44353
2021-04-16 00:00:00,0 days 02:00:00,KRO,MC-SAMARINDA 2,PO21_01_KAL_1800_22,,19SMR189,408974,2331,2331,44351,900,100.0,-0.04,,753.83,,0.0,,,0.0,,,2021-04-16 02:00:00,44351
2021-04-16 00:00:00,0 days 02:00:00,KRO,MC-SAMARINDA 2,PO21_01_KAL_1800_22,,19SMR189,408974,2331,2332,44352,900,100.0,0.0,84.62,1.01,0.0,0.03,,100.0,15.38,100.0,100.0,2021-04-16 02:00:00,44352
2021-04-16 00:00:00,0 days 02:00:00,KRO,MC-SAMARINDA 2,PO21_01_KAL_1800_22,,19SMR189,408974,2331,2333,44353,900,100.0,0.75,100.0,418.84,0.0,0.01,,100.0,0.0,,,2021-04-16 02:00:00,44353
2021-04-16 00:00:00,0 days 03:00:00,KRO,MC-SAMARINDA 2,PO21_01_KAL_1800_22,,19SMR189,408974,2331,2331,44351,900,100.0,0.11,,704.16,,0.0,,,0.0,,,2021-04-16 03:00:00,44351
2021-04-16 00:00:00,0 days 03:00:00,KRO,MC-SAMARINDA 2,PO21_01_KAL_1800_22,,19SMR189,408974,2331,2332,44352,900,100.0,0.0,100.0,40.84,0.0,0.07,,100.0,0.0,97.52,100.0,2021-04-16 03:00:00,44352
2021-04-16 00:00:00,0 days 03:00:00,KRO,MC-SAMARINDA 2,PO21_01_KAL_1800_22,,19SMR189,408974,2331,2333,44353,900,100.0,0.0,100.0,6.12,0.0,0.02,,100.0,0.0,100.0,100.0,2021-04-16 03:00:00,44353
2021-04-16 00:00:00,0 days 04:00:00,KRO,MC-SAMARINDA 2,PO21_01_KAL_1800_22,,19SMR189,408974,2331,2331,44351,900,100.0,0.0,87.5,745.31,,0.01,100.0,100.0,12.5,100.0,100.0,2021-04-16 04:00:00,44351
2021-04-16 00:00:00,0 days 04:00:00,KRO,MC-SAMARINDA 2,PO21_01_KAL_1800_22,,19SMR189,408974,2331,2332,44352,900,100.0,0.0,,0.72,,0.0,,,11.11,,,2021-04-16 04:00:00,44352
2021-04-16 00:00:00,0 days 04:00:00,KRO,MC-SAMARINDA 2,PO21_01_KAL_1800_22,,19SMR189,408974,2331,2333,44353,900,100.0,0.67,100.0,12.5,0.0,0.33,,100.0,0.0,100.0,99.41,2021-04-16 04:00:00,44353
2021-04-16 00:00:00,0 days 05:00:00,KRO,MC-SAMARINDA 2,PO21_01_KAL_1800_22,,19SMR189,408974,2331,2331,44351,900,100.0,0.06,100.0,1090.65,0.0,0.03,,100.0,0.0,100.0,100.0,2021-04-16 05:00:00,44351
2021-04-16 00:00:00,0 days 05:00:00,KRO,MC-SAMARINDA 2,PO21_01_KAL_1800_22,,19SMR189,408974,2331,2332,44352,900,100.0,0.0,94.59,698.88,0.0,0.09,100.0,100.0,5.41,99.72,100.0,2021-04-16 05:00:00,44352
2021-04-16 00:00:00,0 days 05:00:00,KRO,MC-SAMARINDA 2,PO21_01_KAL_1800_22,,19SMR189,408974,2331,2333,44353,900,100.0,2.5,95.6,2344.85,0.0,0.19,,100.0,4.4,99.42,100.0,2021-04-16 05:00:00,44353
2021-04-16 00:00:00,0 days 06:00:00,KRO,MC-SAMARINDA 2,PO21_01_KAL_1800_22,,19SMR189,408974,2331,2331,44351,900,100.0,0.15,100.0,749.17,,0.01,100.0,100.0,0.0,100.0,100.0,2021-04-16 06:00:00,44351
2021-04-16 00:00:00,0 days 06:00:00,KRO,MC-SAMARINDA 2,PO21_01_KAL_1800_22,,19SMR189,408974,2331,2332,44352,900,100.0,0.0,93.33,0.43,0.0,0.01,,100.0,6.67,100.0,54.55,2021-04-16 06:00:00,44352
2021-04-16 00:00:00,0 days 06:00:00,KRO,MC-SAMARINDA 2,PO21_01_KAL_1800_22,,19SMR189,408974,2331,2333,44353,900,100.0,4.55,94.74,201.77,0.0,0.34,,100.0,5.26,100.0,99.66,2021-04-16 06:00:00,44353
2021-04-16 00:00:00,0 days 07:00:00,KRO,MC-SAMARINDA 2,PO21_01_KAL_1800_22,,19SMR189,408974,2331,2331,44351,900,100.0,0.0,100.0,624.98,0.0,0.19,,100.0,0.0,100.0,100.0,2021-04-16 07:00:00,44351
2021-04-16 00:00:00,0 days 07:00:00,KRO,MC-SAMARINDA 2,PO21_01_KAL_1800_22,,19SMR189,408974,2331,2332,44352,900,100.0,0.0,96.97,18.58,0.0,0.12,,100.0,3.03,98.99,100.0,2021-04-16 07:00:00,44352
2021-04-16 00:00:00,0 days 07:00:00,KRO,MC-SAMARINDA 2,PO21_01_KAL_1800_22,,19SMR189,408974,2331,2333,44353,900,100.0,0.3,94.64,138.27,0.0,0.2,,100.0,5.36,99.57,99.57,2021-04-16 07:00:00,44353
2021-04-16 00:00:00,0 days 08:00:00,KRO,MC-SAMARINDA 2,PO21_01_KAL_1800_22,,19SMR189,408974,2331,2331,44351,900,100.0,0.06,,825.77,,0.0,,,33.33,,,2021-04-16 08:00:00,44351
2021-04-16 00:00:00,0 days 08:00:00,KRO,MC-SAMARINDA 2,PO21_01_KAL_1800_22,,19SMR189,408974,2331,2332,44352,900,100.0,4.76,93.62,310.93,0.0,0.24,,100.0,6.38,93.82,98.16,2021-04-16 08:00:00,44352
2021-04-16 00:00:00,0 days 08:00:00,KRO,MC-SAMARINDA 2,PO21_01_KAL_1800_22,,19SMR189,408974,2331,2333,44353,900,100.0,0.21,100.0,231.98,0.0,3.02,100.0,100.0,0.0,99.72,98.39,2021-04-16 08:00:00,44353
2021-04-16 00:00:00,0 days 09:00:00,KRO,MC-SAMARINDA 2,PO21_01_KAL_1800_22,,19SMR189,408974,2331,2331,44351,900,100.0,0.04,100.0,647.08,,0.0,100.0,100.0,0.0,100.0,100.0,2021-04-16 09:00:00,44351
2021-04-16 00:00:00,0 days 09:00:00,KRO,MC-SAMARINDA 2,PO21_01_KAL_1800_22,,19SMR189,408974,2331,2332,44352,900,100.0,9.09,96.97,0.43,0.0,0.17,100.0,100.0,3.03,97.56,98.53,2021-04-16 09:00:00,44352
2021-04-16 00:00:00,0 days 09:00:00,KRO,MC-SAMARINDA 2,PO21_01_KAL_1800_22,,19SMR189,408974,2331,2333,44353,900,100.0,1.25,100.0,49.3,0.0,1.13,100.0,100.0,0.0,99.77,99.38,2021-04-16 09:00:00,44353
2021-04-16 00:00:00,0 days 10:00:00,KRO,MC-SAMARINDA 2,PO21_01_KAL_1800_22,,19SMR189,408974,2331,2331,44351,900,100.0,0.0,100.0,744.44,0.0,0.03,100.0,100.0,0.0,100.0,92.56,2021-04-16 10:00:00,44351
2021-04-16 00:00:00,0 days 10:00:00,KRO,MC-SAMARINDA 2,PO21_01_KAL_1800_22,,19SMR189,408974,2331,2332,44352,900,100.0,4.0,96.55,0.72,0.0,0.31,100.0,100.0,3.45,98.47,96.09,2021-04-16 10:00:00,44352
2021-04-16 00:00:00,0 days 10:00:00,KRO,MC-SAMARINDA 2,PO21_01_KAL_1800_22,,19SMR189,408974,2331,2333,44353,900,100.0,1.39,98.65,256.79,0.0,0.56,100.0,100.0,1.35,99.95,96.8,2021-04-16 10:00:00,44353
2021-04-16 00:00:00,0 days 11:00:00,KRO,MC-SAMARINDA 2,PO21_01_KAL_1800_22,,19SMR189,408974,2331,2331,44351,900,100.0,0.0,100.0,730.98,0.0,0.01,,100.0,0.0,100.0,100.0,2021-04-16 11:00:00,44351
2021-04-16 00:00:00,0 days 11:00:00,KRO,MC-SAMARINDA 2,PO21_01_KAL_1800_22,,19SMR189,408974,2331,2332,44352,900,100.0,2.99,100.0,11.25,0.0,0.02,,100.0,0.0,100.0,100.0,2021-04-16 11:00:00,44352
2021-04-16 00:00:00,0 days 11:00:00,KRO,MC-SAMARINDA 2,PO21_01_KAL_1800_22,,19SMR189,408974,2331,2333,44353,900,100.0,1.56,97.37,48.2,0.0,0.19,100.0,100.0,2.63,100.0,88.26,2021-04-16 11:00:00,44353
2021-04-16 00:00:00,0 days 12:00:00,KRO,MC-SAMARINDA 2,PO21_01_KAL_1800_22,,19SMR189,408974,2331,2331,44351,900,100.0,0.15,,717.4,,0.0,,,0.0,,,2021-04-16 12:00:00,44351
2021-04-16 00:00:00,0 days 12:00:00,KRO,MC-SAMARINDA 2,PO21_01_KAL_1800_22,,19SMR189,408974,2331,2332,44352,900,100.0,5.0,100.0,1.95,0.0,0.02,100.0,100.0,0.0,85.11,100.0,2021-04-16 12:00:00,44352
2021-04-16 00:00:00,0 days 12:00:00,KRO,MC-SAMARINDA 2,PO21_01_KAL_1800_22,,19SMR189,408974,2331,2333,44353,900,100.0,1.8,100.0,199.13,0.0,0.23,100.0,100.0,0.0,99.87,90.16,2021-04-16 12:00:00,44353
2021-04-16 00:00:00,0 days 13:00:00,KRO,MC-SAMARINDA 2,PO21_01_KAL_1800_22,,19SMR189,408974,2331,2331,44351,900,100.0,0.04,100.0,710.71,0.0,0.03,,100.0,0.0,34.74,100.0,2021-04-16 13:00:00,44351
2021-04-16 00:00:00,0 days 13:00:00,KRO,MC-SAMARINDA 2,PO21_01_KAL_1800_22,,19SMR189,408974,2331,2332,44352,900,100.0,4.0,89.8,6.32,0.0,0.23,100.0,100.0,10.2,96.31,95.16,2021-04-16 13:00:00,44352
2021-04-16 00:00:00,0 days 13:00:00,KRO,MC-SAMARINDA 2,PO21_01_KAL_1800_22,,19SMR189,408974,2331,2333,44353,900,100.0,1.44,94.83,158.31,0.0,0.96,100.0,100.0,5.17,99.92,99.0,2021-04-16 13:00:00,44353
2021-04-16 00:00:00,0 days 14:00:00,KRO,MC-SAMARINDA 2,PO21_01_KAL_1800_22,,19SMR189,408974,2331,2331,44351,900,100.0,0.0,,511.21,,0.0,,,50.0,,,2021-04-16 14:00:00,44351
2021-04-16 00:00:00,0 days 14:00:00,KRO,MC-SAMARINDA 2,PO21_01_KAL_1800_22,,19SMR189,408974,2331,2332,44352,900,100.0,0.0,100.0,15.63,0.0,0.07,,100.0,0.0,100.0,97.87,2021-04-16 14:00:00,44352
2021-04-16 00:00:00,0 days 14:00:00,KRO,MC-SAMARINDA 2,PO21_01_KAL_1800_22,,19SMR189,408974,2331,2333,44353,900,100.0,2.68,100.0,14.16,0.0,0.74,100.0,100.0,0.0,99.74,99.89,2021-04-16 14:00:00,44353
2021-04-16 00:00:00,0 days 15:00:00,KRO,MC-SAMARINDA 2,PO21_01_KAL_1800_22,,19SMR189,408974,2331,2331,44351,900,100.0,0.08,100.0,695.77,0.0,0.02,100.0,100.0,0.0,100.0,100.0,2021-04-16 15:00:00,44351
2021-04-16 00:00:00,0 days 15:00:00,KRO,MC-SAMARINDA 2,PO21_01_KAL_1800_22,,19SMR189,408974,2331,2332,44352,900,100.0,0.0,100.0,0.87,0.0,0.32,100.0,100.0,0.0,96.18,100.0,2021-04-16 15:00:00,44352
2021-04-16 00:00:00,0 days 15:00:00,KRO,MC-SAMARINDA 2,PO21_01_KAL_1800_22,,19SMR189,408974,2331,2333,44353,900,100.0,0.0,95.95,18.71,0.0,0.26,,100.0,4.05,99.8,93.62,2021-04-16 15:00:00,44353
2021-04-16 00:00:00,0 days 16:00:00,KRO,MC-SAMARINDA 2,PO21_01_KAL_1800_22,,19SMR189,408974,2331,2331,44351,900,100.0,0.04,100.0,723.08,0.0,0.02,,100.0,0.0,100.0,91.3,2021-04-16 16:00:00,44351
2021-04-16 00:00:00,0 days 16:00:00,KRO,MC-SAMARINDA 2,PO21_01_KAL_1800_22,,19SMR189,408974,2331,2332,44352,900,100.0,1.89,100.0,75.49,0.0,0.1,,100.0,0.0,99.21,100.0,2021-04-16 16:00:00,44352
2021-04-16 00:00:00,0 days 16:00:00,KRO,MC-SAMARINDA 2,PO21_01_KAL_1800_22,,19SMR189,408974,2331,2333,44353,900,100.0,0.37,98.73,50.88,0.0,0.37,100.0,100.0,1.27,97.14,99.16,2021-04-16 16:00:00,44353
2021-04-16 00:00:00,0 days 17:00:00,KRO,MC-SAMARINDA 2,PO21_01_KAL_1800_22,,19SMR189,408974,2331,2331,44351,900,100.0,0.04,100.0,671.51,0.0,0.02,100.0,100.0,0.0,100.0,100.0,2021-04-16 17:00:00,44351
2021-04-16 00:00:00,0 days 17:00:00,KRO,MC-SAMARINDA 2,PO21_01_KAL_1800_22,,19SMR189,408974,2331,2332,44352,900,100.0,0.0,96.15,0.14,0.0,0.09,100.0,100.0,3.85,97.48,100.0,2021-04-16 17:00:00,44352
2021-04-16 00:00:00,0 days 17:00:00,KRO,MC-SAMARINDA 2,PO21_01_KAL_1800_22,,19SMR189,408974,2331,2333,44353,900,100.0,0.75,100.0,422.18,0.0,0.33,100.0,100.0,0.0,100.0,99.22,2021-04-16 17:00:00,44353
2021-04-16 00:00:00,0 days 18:00:00,KRO,MC-SAMARINDA 2,PO21_01_KAL_1800_22,,19SMR189,408974,2331,2331,44351,900,100.0,0.15,,858.79,0.0,0.02,,,0.0,100.0,93.44,2021-04-16 18:00:00,44351
2021-04-16 00:00:00,0 days 18:00:00,KRO,MC-SAMARINDA 2,PO21_01_KAL_1800_22,,19SMR189,408974,2331,2332,44352,900,100.0,0.0,92.59,42.36,0.0,0.12,100.0,100.0,7.41,95.86,96.08,2021-04-16 18:00:00,44352
2021-04-16 00:00:00,0 days 18:00:00,KRO,MC-SAMARINDA 2,PO21_01_KAL_1800_22,,19SMR189,408974,2331,2333,44353,900,100.0,2.88,95.38,70.52,0.0,1.24,100.0,100.0,4.62,99.3,99.9,2021-04-16 18:00:00,44353
2021-04-16 00:00:00,0 days 19:00:00,KRO,MC-SAMARINDA 2,PO21_01_KAL_1800_22,,19SMR189,408974,2331,2331,44351,900,100.0,0.12,100.0,651.74,,0.12,100.0,100.0,0.0,100.0,100.0,2021-04-16 19:00:00,44351
2021-04-16 00:00:00,0 days 19:00:00,KRO,MC-SAMARINDA 2,PO21_01_KAL_1800_22,,19SMR189,408974,2331,2332,44352,900,100.0,2.78,96.0,1.94,0.0,0.07,100.0,100.0,4.0,100.0,100.0,2021-04-16 19:00:00,44352
2021-04-16 00:00:00,0 days 19:00:00,KRO,MC-SAMARINDA 2,PO21_01_KAL_1800_22,,19SMR189,408974,2331,2333,44353,900,100.0,1.46,100.0,25.16,0.0,1.38,100.0,100.0,0.0,99.9,99.85,2021-04-16 19:00:00,44353
2021-04-16 00:00:00,0 days 20:00:00,KRO,MC-SAMARINDA 2,PO21_01_KAL_1800_22,,19SMR189,408974,2331,2331,44351,900,100.0,-0.09,100.0,625.57,0.0,0.17,100.0,100.0,0.0,98.69,100.0,2021-04-16 20:00:00,44351
2021-04-16 00:00:00,0 days 20:00:00,KRO,MC-SAMARINDA 2,PO21_01_KAL_1800_22,,19SMR189,408974,2331,2332,44352,900,100.0,0.0,92.59,4.83,20.0,1.53,0.0,100.0,7.41,96.95,99.56,2021-04-16 20:00:00,44352
2021-04-16 00:00:00,0 days 20:00:00,KRO,MC-SAMARINDA 2,PO21_01_KAL_1800_22,,19SMR189,408974,2331,2333,44353,900,100.0,1.26,98.57,69.66,0.0,1.43,100.0,100.0,1.43,100.0,99.98,2021-04-16 20:00:00,44353
2021-04-16 00:00:00,0 days 21:00:00,KRO,MC-SAMARINDA 2,PO21_01_KAL_1800_22,,19SMR189,408974,2331,2331,44351,900,100.0,0.04,,689.86,,0.0,,,0.0,,,2021-04-16 21:00:00,44351
2021-04-16 00:00:00,0 days 21:00:00,KRO,MC-SAMARINDA 2,PO21_01_KAL_1800_22,,19SMR189,408974,2331,2332,44352,900,100.0,6.9,91.3,7.93,0.0,1.41,100.0,100.0,8.7,88.58,99.42,2021-04-16 21:00:00,44352
2021-04-16 00:00:00,0 days 21:00:00,KRO,MC-SAMARINDA 2,PO21_01_KAL_1800_22,,19SMR189,408974,2331,2333,44353,900,100.0,4.24,97.22,248.64,0.0,1.7,,100.0,2.78,100.0,100.0,2021-04-16 21:00:00,44353
2021-04-16 00:00:00,0 days 22:00:00,KRO,MC-SAMARINDA 2,PO21_01_KAL_1800_22,,19SMR189,408974,2331,2331,44351,900,100.0,0.03,,814.25,,0.0,,,0.0,,,2021-04-16 22:00:00,44351
2021-04-16 00:00:00,0 days 22:00:00,KRO,MC-SAMARINDA 2,PO21_01_KAL_1800_22,,19SMR189,408974,2331,2332,44352,900,100.0,0.0,92.86,0.58,0.0,0.08,100.0,100.0,7.14,84.81,100.0,2021-04-16 22:00:00,44352
2021-04-16 00:00:00,0 days 22:00:00,KRO,MC-SAMARINDA 2,PO21_01_KAL_1800_22,,19SMR189,408974,2331,2333,44353,900,100.0,0.0,97.5,10.15,0.0,0.0,,100.0,2.5,100.0,100.0,2021-04-16 22:00:00,44353
2021-04-17 00:00:00,0 days 00:00:00,KRO,MC-SAMARINDA 2,PO21_01_KAL_1800_22,,19SMR189,408974,2331,2331,44351,900,100.0,0.0,,763.16,,0.79,,,0.0,100.0,100.0,2021-04-17 00:00:00,44351
2021-04-17 00:00:00,0 days 00:00:00,KRO,MC-SAMARINDA 2,PO21_01_KAL_1800_22,,19SMR189,408974,2331,2332,44352,900,100.0,0.0,,0.43,,0.0,,,0.0,,,2021-04-17 00:00:00,44352
2021-04-17 00:00:00,0 days 00:00:00,KRO,MC-SAMARINDA 2,PO21_01_KAL_1800_22,,19SMR189,408974,2331,2333,44353,900,100.0,0.0,,5.22,,0.0,,,2.86,,,2021-04-17 00:00:00,44353
2021-04-17 00:00:00,0 days 01:00:00,KRO,MC-SAMARINDA 2,PO21_01_KAL_1800_22,,19SMR189,408974,2331,2331,44351,900,100.0,0.04,,710.66,,0.0,,,0.0,,,2021-04-17 01:00:00,44351
2021-04-17 00:00:00,0 days 01:00:00,KRO,MC-SAMARINDA 2,PO21_01_KAL_1800_22,,19SMR189,408974,2331,2332,44352,900,100.0,0.0,,0.43,,0.0,,,9.09,,,2021-04-17 01:00:00,44352
2021-04-17 00:00:00,0 days 01:00:00,KRO,MC-SAMARINDA 2,PO21_01_KAL_1800_22,,19SMR189,408974,2331,2333,44353,900,100.0,0.0,100.0,3.78,0.0,0.01,,100.0,0.0,98.61,83.33,2021-04-17 01:00:00,44353
2021-04-17 00:00:00,0 days 02:00:00,KRO,MC-SAMARINDA 2,PO21_01_KAL_1800_22,,19SMR189,408974,2331,2331,44351,900,100.0,0.0,100.0,0.43,0.0,0.01,,100.0,0.0,100.0,100.0,2021-04-17 02:00:00,44351
2021-04-17 00:00:00,0 days 02:00:00,KRO,MC-SAMARINDA 2,PO21_01_KAL_1800_22,,19SMR189,408974,2331,2332,44352,900,100.0,2.38,93.33,163.66,0.0,0.09,,100.0,6.67,99.41,100.0,2021-04-17 02:00:00,44352
2021-04-17 00:00:00,0 days 02:00:00,KRO,MC-SAMARINDA 2,PO21_01_KAL_1800_22,,19SMR189,408974,2331,2333,44353,900,100.0,0.0,92.86,2.48,0.0,0.07,100.0,100.0,7.14,95.71,92.86,2021-04-17 02:00:00,44353
2021-04-17 00:00:00,0 days 03:00:00,KRO,MC-SAMARINDA 2,PO21_01_KAL_1800_22,,19SMR189,408974,2331,2331,44351,900,100.0,0.0,,0.14,,0.0,,,0.0,,,2021-04-17 03:00:00,44351
2021-04-17 00:00:00,0 days 03:00:00,KRO,MC-SAMARINDA 2,PO21_01_KAL_1800_22,,19SMR189,408974,2331,2332,44352,900,100.0,0.0,100.0,0.87,0.0,0.03,,100.0,0.0,95.93,100.0,2021-04-17 03:00:00,44352
2021-04-17 00:00:00,0 days 03:00:00,KRO,MC-SAMARINDA 2,PO21_01_KAL_1800_22,,19SMR189,408974,2331,2333,44353,900,100.0,0.0,100.0,5.9,0.0,0.17,,100.0,0.0,100.0,100.0,2021-04-17 03:00:00,44353
2021-04-17 00:00:00,0 days 04:00:00,KRO,MC-SAMARINDA 2,PO21_01_KAL_1800_22,,19SMR189,408974,2331,2331,44351,900,100.0,,,0.0,,0.0,,,0.0,,,2021-04-17 04:00:00,44351
2021-04-17 00:00:00,0 days 04:00:00,KRO,MC-SAMARINDA 2,PO21_01_KAL_1800_22,,19SMR189,408974,2331,2332,44352,900,100.0,0.0,,2.73,,0.0,,,5.26,,,2021-04-17 04:00:00,44352
2021-04-17 00:00:00,0 days 04:00:00,KRO,MC-SAMARINDA 2,PO21_01_KAL_1800_22,,19SMR189,408974,2331,2333,44353,900,100.0,1.42,100.0,10.14,0.0,0.03,100.0,100.0,0.0,100.0,100.0,2021-04-17 04:00:00,44353
2021-04-17 00:00:00,0 days 05:00:00,KRO,MC-SAMARINDA 2,PO21_01_KAL_1800_22,,19SMR189,408974,2331,2331,44351,900,100.0,6.82,100.0,57.85,0.0,0.0,,100.0,0.0,100.0,100.0,2021-04-17 05:00:00,44351
2021-04-17 00:00:00,0 days 05:00:00,KRO,MC-SAMARINDA 2,PO21_01_KAL_1800_22,,19SMR189,408974,2331,2332,44352,900,100.0,1.2,100.0,136.81,0.0,0.01,,100.0,0.0,100.0,100.0,2021-04-17 05:00:00,44352
2021-04-17 00:00:00,0 days 05:00:00,KRO,MC-SAMARINDA 2,PO21_01_KAL_1800_22,,19SMR189,408974,2331,2333,44353,900,100.0,0.29,97.98,359.17,0.0,0.08,,100.0,2.02,100.0,100.0,2021-04-17 05:00:00,44353
2021-04-17 00:00:00,0 days 06:00:00,KRO,MC-SAMARINDA 2,PO21_01_KAL_1800_22,,19SMR189,408974,2331,2331,44351,900,100.0,,100.0,0.0,0.0,0.02,,100.0,0.0,100.0,93.33,2021-04-17 06:00:00,44351
2021-04-17 00:00:00,0 days 06:00:00,KRO,MC-SAMARINDA 2,PO21_01_KAL_1800_22,,19SMR189,408974,2331,2332,44352,900,100.0,0.0,92.31,1.31,0.0,0.11,,100.0,7.69,99.74,100.0,2021-04-17 06:00:00,44352
2021-04-17 00:00:00,0 days 06:00:00,KRO,MC-SAMARINDA 2,PO21_01_KAL_1800_22,,19SMR189,408974,2331,2333,44353,900,100.0,0.24,97.73,10852.18,0.0,0.4,,100.0,2.27,99.83,94.75,2021-04-17 06:00:00,44353
2021-04-17 00:00:00,0 days 07:00:00,KRO,MC-SAMARINDA 2,PO21_01_KAL_1800_22,,19SMR189,408974,2331,2331,44351,900,100.0,,,0.0,,0.0,,,0.0,,,2021-04-17 07:00:00,44351
2021-04-17 00:00:00,0 days 07:00:00,KRO,MC-SAMARINDA 2,PO21_01_KAL_1800_22,,19SMR189,408974,2331,2332,44352,900,100.0,6.67,92.31,53.07,0.0,0.12,,100.0,7.69,100.0,97.61,2021-04-17 07:00:00,44352
2021-04-17 00:00:00,0 days 07:00:00,KRO,MC-SAMARINDA 2,PO21_01_KAL_1800_22,,19SMR189,408974,2331,2333,44353,900,100.0,0.0,100.0,9.36,0.0,0.63,100.0,100.0,0.0,100.0,96.63,2021-04-17 07:00:00,44353
2021-04-17 00:00:00,0 days 08:00:00,KRO,MC-SAMARINDA 2,PO21_01_KAL_1800_22,,19SMR189,408974,2331,2331,44351,900,100.0,0.0,,0.63,,0.0,,,0.0,,,2021-04-17 08:00:00,44351
2021-04-17 00:00:00,0 days 08:00:00,KRO,MC-SAMARINDA 2,PO21_01_KAL_1800_22,,19SMR189,408974,2331,2332,44352,900,100.0,3.23,100.0,1.59,0.0,0.07,100.0,100.0,0.0,100.0,100.0,2021-04-17 08:00:00,44352
2021-04-17 00:00:00,0 days 08:00:00,KRO,MC-SAMARINDA 2,PO21_01_KAL_1800_22,,19SMR189,408974,2331,2333,44353,900,100.0,1.94,98.36,43.07,0.0,1.31,100.0,100.0,1.64,99.96,99.94,2021-04-17 08:00:00,44353
2021-04-17 00:00:00,0 days 09:00:00,KRO,MC-SAMARINDA 2,PO21_01_KAL_1800_22,,19SMR189,408974,2331,2331,44351,900,100.0,-50.0,,0.0,,0.0,,,0.0,,,2021-04-17 09:00:00,44351
2021-04-17 00:00:00,0 days 09:00:00,KRO,MC-SAMARINDA 2,PO21_01_KAL_1800_22,,19SMR189,408974,2331,2332,44352,900,100.0,0.0,106.33,3.23,0.0,0.19,,110.0,3.33,98.11,100.0,2021-04-17 09:00:00,44352
2021-04-17 00:00:00,0 days 09:00:00,KRO,MC-SAMARINDA 2,PO21_01_KAL_1800_22,,19SMR189,408974,2331,2333,44353,900,100.0,1.35,95.35,124.56,0.0,0.22,,100.0,2.38,99.75,77.03,2021-04-17 09:00:00,44353
2021-04-17 00:00:00,0 days 10:00:00,KRO,MC-SAMARINDA 2,PO21_01_KAL_1800_22,,19SMR189,408974,2331,2331,44351,900,100.0,-50.0,100.0,0.14,0.0,0.0,,100.0,0.0,100.0,100.0,2021-04-17 10:00:00,44351
2021-04-17 00:00:00,0 days 10:00:00,KRO,MC-SAMARINDA 2,PO21_01_KAL_1800_22,,19SMR189,408974,2331,2332,44352,900,100.0,3.28,90.0,170.23,0.0,0.26,100.0,90.0,0.0,99.44,98.99,2021-04-17 10:00:00,44352
2021-04-17 00:00:00,0 days 10:00:00,KRO,MC-SAMARINDA 2,PO21_01_KAL_1800_22,,19SMR189,408974,2331,2333,44353,900,100.0,0.95,104.55,303.48,0.0,0.9,,100.0,0.0,99.97,99.5,2021-04-17 10:00:00,44353
2021-04-17 00:00:00,0 days 11:00:00,KRO,MC-SAMARINDA 2,PO21_01_KAL_1800_22,,19SMR189,408974,2331,2331,44351,900,100.0,0.0,100.0,1.91,0.0,0.03,,100.0,0.0,100.0,100.0,2021-04-17 11:00:00,44351
2021-04-17 00:00:00,0 days 11:00:00,KRO,MC-SAMARINDA 2,PO21_01_KAL_1800_22,,19SMR189,408974,2331,2332,44352,900,100.0,1.54,90.0,1.45,0.0,0.1,,100.0,10.0,100.0,100.0,2021-04-17 11:00:00,44352
2021-04-17 00:00:00,0 days 11:00:00,KRO,MC-SAMARINDA 2,PO21_01_KAL_1800_22,,19SMR189,408974,2331,2333,44353,900,100.0,0.0,98.51,16.29,0.0,0.51,100.0,100.0,1.49,99.79,98.57,2021-04-17 11:00:00,44353
2021-04-17 00:00:00,0 days 12:00:00,KRO,MC-SAMARINDA 2,PO21_01_KAL_1800_22,,19SMR189,408974,2331,2331,44351,900,100.0,0.0,100.0,0.87,0.0,0.04,100.0,100.0,0.0,98.94,95.21,2021-04-17 12:00:00,44351
2021-04-17 00:00:00,0 days 12:00:00,KRO,MC-SAMARINDA 2,PO21_01_KAL_1800_22,,19SMR189,408974,2331,2332,44352,900,100.0,0.0,100.0,1.99,0.0,0.1,,100.0,0.0,95.72,100.0,2021-04-17 12:00:00,44352
2021-04-17 00:00:00,0 days 12:00:00,KRO,MC-SAMARINDA 2,PO21_01_KAL_1800_22,,19SMR189,408974,2331,2333,44353,900,100.0,1.2,97.59,186.88,0.0,1.02,100.0,100.0,2.41,99.92,96.85,2021-04-17 12:00:00,44353
2021-04-17 00:00:00,0 days 13:00:00,KRO,MC-SAMARINDA 2,PO21_01_KAL_1800_22,,19SMR189,408974,2331,2331,44351,900,100.0,-50.0,100.0,0.0,0.0,1.41,,100.0,0.0,,,2021-04-17 13:00:00,44351
2021-04-17 00:00:00,0 days 13:00:00,KRO,MC-SAMARINDA 2,PO21_01_KAL_1800_22,,19SMR189,408974,2331,2332,44352,900,100.0,3.51,100.0,70.11,0.0,0.03,100.0,100.0,0.0,97.5,96.25,2021-04-17 13:00:00,44352
2021-04-17 00:00:00,0 days 13:00:00,KRO,MC-SAMARINDA 2,PO21_01_KAL_1800_22,,19SMR189,408974,2331,2333,44353,900,100.0,1.36,100.0,39.49,0.0,0.57,100.0,100.0,0.0,99.91,100.0,2021-04-17 13:00:00,44353
2021-04-17 00:00:00,0 days 14:00:00,KRO,MC-SAMARINDA 2,PO21_01_KAL_1800_22,,19SMR189,408974,2331,2331,44351,900,100.0,18.75,100.0,74.43,0.0,0.68,100.0,100.0,0.0,100.0,99.99,2021-04-17 14:00:00,44351
2021-04-17 00:00:00,0 days 14:00:00,KRO,MC-SAMARINDA 2,PO21_01_KAL_1800_22,,19SMR189,408974,2331,2332,44352,900,100.0,4.26,93.75,105.12,0.0,0.1,,100.0,6.25,99.12,98.82,2021-04-17 14:00:00,44352
2021-04-17 00:00:00,0 days 14:00:00,KRO,MC-SAMARINDA 2,PO21_01_KAL_1800_22,,19SMR189,408974,2331,2333,44353,900,100.0,1.67,98.04,99.04,0.0,0.18,,100.0,1.96,99.82,88.97,2021-04-17 14:00:00,44353
2021-04-17 00:00:00,0 days 15:00:00,KRO,MC-SAMARINDA 2,PO21_01_KAL_1800_22,,19SMR189,408974,2331,2331,44351,900,100.0,-11.11,,0.0,,0.0,,,0.0,,,2021-04-17 15:00:00,44351
2021-04-17 00:00:00,0 days 15:00:00,KRO,MC-SAMARINDA 2,PO21_01_KAL_1800_22,,19SMR189,408974,2331,2332,44352,900,100.0,0.0,93.1,1.84,0.0,0.29,,100.0,6.9,98.78,100.0,2021-04-17 15:00:00,44352
2021-04-17 00:00:00,0 days 15:00:00,KRO,MC-SAMARINDA 2,PO21_01_KAL_1800_22,,19SMR189,408974,2331,2333,44353,900,100.0,0.57,100.0,37.56,0.0,0.48,,100.0,0.0,99.82,94.51,2021-04-17 15:00:00,44353
2021-04-17 00:00:00,0 days 16:00:00,KRO,MC-SAMARINDA 2,PO21_01_KAL_1800_22,,19SMR189,408974,2331,2331,44351,900,100.0,,100.0,0.0,0.0,0.08,,100.0,0.0,100.0,96.68,2021-04-17 16:00:00,44351
2021-04-17 00:00:00,0 days 16:00:00,KRO,MC-SAMARINDA 2,PO21_01_KAL_1800_22,,19SMR189,408974,2331,2332,44352,900,100.0,1.61,96.3,109.14,0.0,0.04,100.0,100.0,3.7,96.64,87.25,2021-04-17 16:00:00,44352
2021-04-17 00:00:00,0 days 16:00:00,KRO,MC-SAMARINDA 2,PO21_01_KAL_1800_22,,19SMR189,408974,2331,2333,44353,900,100.0,2.3,100.0,27.81,0.0,2.46,100.0,100.0,0.0,99.83,99.92,2021-04-17 16:00:00,44353
2021-04-17 00:00:00,0 days 17:00:00,KRO,MC-SAMARINDA 2,PO21_01_KAL_1800_22,,19SMR189,408974,2331,2331,44351,900,100.0,,100.0,0.0,0.0,0.08,,100.0,0.0,100.0,99.61,2021-04-17 17:00:00,44351
2021-04-17 00:00:00,0 days 17:00:00,KRO,MC-SAMARINDA 2,PO21_01_KAL_1800_22,,19SMR189,408974,2331,2332,44352,900,100.0,0.0,100.0,0.58,0.0,0.04,,100.0,0.0,98.99,100.0,2021-04-17 17:00:00,44352
2021-04-17 00:00:00,0 days 17:00:00,KRO,MC-SAMARINDA 2,PO21_01_KAL_1800_22,,19SMR189,408974,2331,2333,44353,900,100.0,0.96,97.53,44.43,0.0,0.79,100.0,100.0,2.47,99.82,99.34,2021-04-17 17:00:00,44353
2021-04-17 00:00:00,0 days 18:00:00,KRO,MC-SAMARINDA 2,PO21_01_KAL_1800_22,,19SMR189,408974,2331,2331,44351,900,100.0,,,0.0,,0.0,,,28.57,,,2021-04-17 18:00:00,44351
2021-04-17 00:00:00,0 days 18:00:00,KRO,MC-SAMARINDA 2,PO21_01_KAL_1800_22,,19SMR189,408974,2331,2332,44352,900,100.0,3.0,87.88,116.11,0.0,0.56,,100.0,12.12,97.03,100.0,2021-04-17 18:00:00,44352
2021-04-17 00:00:00,0 days 18:00:00,KRO,MC-SAMARINDA 2,PO21_01_KAL_1800_22,,19SMR189,408974,2331,2333,44353,900,100.0,4.41,95.16,93.89,0.0,3.49,100.0,100.0,4.84,99.87,99.74,2021-04-17 18:00:00,44353
2021-04-17 00:00:00,0 days 19:00:00,KRO,MC-SAMARINDA 2,PO21_01_KAL_1800_22,,19SMR189,408974,2331,2331,44351,900,100.0,,100.0,0.0,,0.01,100.0,100.0,0.0,100.0,100.0,2021-04-17 19:00:00,44351
2021-04-17 00:00:00,0 days 19:00:00,KRO,MC-SAMARINDA 2,PO21_01_KAL_1800_22,,19SMR189,408974,2331,2332,44352,900,100.0,0.0,92.31,1.52,0.0,0.71,,100.0,4.0,83.81,55.28,2021-04-17 19:00:00,44352
2021-04-17 00:00:00,0 days 19:00:00,KRO,MC-SAMARINDA 2,PO21_01_KAL_1800_22,,19SMR189,408974,2331,2333,44353,900,100.0,0.0,96.23,8.61,0.0,1.02,100.0,100.0,3.77,99.85,99.17,2021-04-17 19:00:00,44353
2021-04-17 00:00:00,0 days 20:00:00,KRO,MC-SAMARINDA 2,PO21_01_KAL_1800_22,,19SMR189,408974,2331,2331,44351,900,100.0,,100.0,0.0,,0.0,100.0,100.0,0.0,100.0,100.0,2021-04-17 20:00:00,44351
2021-04-17 00:00:00,0 days 20:00:00,KRO,MC-SAMARINDA 2,PO21_01_KAL_1800_22,,19SMR189,408974,2331,2332,44352,900,100.0,0.0,96.55,2.66,0.0,0.16,100.0,100.0,6.67,86.12,100.0,2021-04-17 20:00:00,44352
2021-04-17 00:00:00,0 days 20:00:00,KRO,MC-SAMARINDA 2,PO21_01_KAL_1800_22,,19SMR189,408974,2331,2333,44353,900,100.0,4.57,98.08,1406.61,0.0,0.31,100.0,100.0,1.92,99.44,97.59,2021-04-17 20:00:00,44353
2021-04-17 00:00:00,0 days 21:00:00,KRO,MC-SAMARINDA 2,PO21_01_KAL_1800_22,,19SMR189,408974,2331,2331,44351,900,100.0,,100.0,0.0,,0.0,100.0,100.0,0.0,100.0,100.0,2021-04-17 21:00:00,44351
2021-04-17 00:00:00,0 days 21:00:00,KRO,MC-SAMARINDA 2,PO21_01_KAL_1800_22,,19SMR189,408974,2331,2332,44352,900,100.0,2.4,100.0,206.77,0.0,0.03,100.0,100.0,0.0,100.0,100.0,2021-04-17 21:00:00,44352
2021-04-17 00:00:00,0 days 21:00:00,KRO,MC-SAMARINDA 2,PO21_01_KAL_1800_22,,19SMR189,408974,2331,2333,44353,900,100.0,1.39,96.61,7.1,0.0,0.8,100.0,100.0,3.39,99.87,100.0,2021-04-17 21:00:00,44353
2021-04-17 00:00:00,0 days 22:00:00,KRO,MC-SAMARINDA 2,PO21_01_KAL_1800_22,,19SMR189,408974,2331,2331,44351,900,100.0,,,0.0,,0.0,,,0.0,,,2021-04-17 22:00:00,44351
2021-04-17 00:00:00,0 days 22:00:00,KRO,MC-SAMARINDA 2,PO21_01_KAL_1800_22,,19SMR189,408974,2331,2332,44352,900,100.0,11.11,94.44,3.4,0.0,0.12,100.0,100.0,5.56,96.96,100.0,2021-04-17 22:00:00,44352
2021-04-17 00:00:00,0 days 22:00:00,KRO,MC-SAMARINDA 2,PO21_01_KAL_1800_22,,19SMR189,408974,2331,2333,44353,900,100.0,0.45,100.0,288.55,0.0,2.94,100.0,100.0,0.0,99.56,100.0,2021-04-17 22:00:00,44353
2021-04-18 00:00:00,0 days 00:00:00,KRO,MC-SAMARINDA 2,PO21_01_KAL_1800_22,,19SMR189,408974,2331,2331,44351,900,100.0,,,0.0,,0.0,,,0.0,,,2021-04-18 00:00:00,44351
2021-04-18 00:00:00,0 days 00:00:00,KRO,MC-SAMARINDA 2,PO21_01_KAL_1800_22,,19SMR189,408974,2331,2332,44352,900,100.0,0.0,,0.43,,0.0,,,17.65,,,2021-04-18 00:00:00,44352
2021-04-18 00:00:00,0 days 00:00:00,KRO,MC-SAMARINDA 2,PO21_01_KAL_1800_22,,19SMR189,408974,2331,2333,44353,900,100.0,0.73,,327.35,,1.52,,,0.0,100.0,100.0,2021-04-18 00:00:00,44353
2021-04-18 00:00:00,0 days 01:00:00,KRO,MC-SAMARINDA 2,PO21_01_KAL_1800_22,,19SMR189,408974,2331,2331,44351,900,100.0,,,0.0,,0.0,,,0.0,,,2021-04-18 01:00:00,44351
2021-04-18 00:00:00,0 days 01:00:00,KRO,MC-SAMARINDA 2,PO21_01_KAL_1800_22,,19SMR189,408974,2331,2332,44352,900,100.0,0.0,,0.72,,0.0,,,0.0,,,2021-04-18 01:00:00,44352
2021-04-18 00:00:00,0 days 01:00:00,KRO,MC-SAMARINDA 2,PO21_01_KAL_1800_22,,19SMR189,408974,2331,2333,44353,900,100.0,0.47,100.0,1320.92,0.0,0.09,,100.0,0.0,99.69,100.0,2021-04-18 01:00:00,44353
2021-04-18 00:00:00,0 days 02:00:00,KRO,MC-SAMARINDA 2,PO21_01_KAL_1800_22,,19SMR189,408974,2331,2331,44351,900,100.0,0.0,,0.72,,0.0,,,0.0,,,2021-04-18 02:00:00,44351
2021-04-18 00:00:00,0 days 02:00:00,KRO,MC-SAMARINDA 2,PO21_01_KAL_1800_22,,19SMR189,408974,2331,2332,44352,900,100.0,0.0,,1.3,0.0,0.01,,,15.38,100.0,100.0,2021-04-18 02:00:00,44352
2021-04-18 00:00:00,0 days 02:00:00,KRO,MC-SAMARINDA 2,PO21_01_KAL_1800_22,,19SMR189,408974,2331,2333,44353,900,100.0,0.36,96.0,1181.25,0.0,0.02,,100.0,4.0,100.0,100.0,2021-04-18 02:00:00,44353
2021-04-18 00:00:00,0 days 03:00:00,KRO,MC-SAMARINDA 2,PO21_01_KAL_1800_22,,19SMR189,408974,2331,2331,44351,900,100.0,0.0,,1.01,,0.0,,,0.0,,,2021-04-18 03:00:00,44351
2021-04-18 00:00:00,0 days 03:00:00,KRO,MC-SAMARINDA 2,PO21_01_KAL_1800_22,,19SMR189,408974,2331,2332,44352,900,100.0,0.0,,1.88,,0.0,,,0.0,,,2021-04-18 03:00:00,44352
2021-04-18 00:00:00,0 days 03:00:00,KRO,MC-SAMARINDA 2,PO21_01_KAL_1800_22,,19SMR189,408974,2331,2333,44353,900,100.0,0.0,97.56,6.61,0.0,0.17,,100.0,2.44,99.37,100.0,2021-04-18 03:00:00,44353
2021-04-18 00:00:00,0 days 04:00:00,KRO,MC-SAMARINDA 2,PO21_01_KAL_1800_22,,19SMR189,408974,2331,2331,44351,900,100.0,0.0,,1.3,,0.0,,,0.0,,,2021-04-18 04:00:00,44351
2021-04-18 00:00:00,0 days 04:00:00,KRO,MC-SAMARINDA 2,PO21_01_KAL_1800_22,,19SMR189,408974,2331,2332,44352,900,100.0,1.4,,29.12,,0.0,,,3.7,,,2021-04-18 04:00:00,44352
2021-04-18 00:00:00,0 days 04:00:00,KRO,MC-SAMARINDA 2,PO21_01_KAL_1800_22,,19SMR189,408974,2331,2333,44353,900,100.0,0.0,100.0,8.82,0.0,0.7,100.0,100.0,0.0,99.31,99.77,2021-04-18 04:00:00,44353
2021-04-18 00:00:00,0 days 05:00:00,KRO,MC-SAMARINDA 2,PO21_01_KAL_1800_22,,19SMR189,408974,2331,2331,44351,900,100.0,3.15,,860.61,,0.0,,,10.0,,,2021-04-18 05:00:00,44351
2021-04-18 00:00:00,0 days 05:00:00,KRO,MC-SAMARINDA 2,PO21_01_KAL_1800_22,,19SMR189,408974,2331,2332,44352,900,100.0,0.86,97.14,1695.02,0.0,0.07,,100.0,2.86,100.0,100.0,2021-04-18 05:00:00,44352
2021-04-18 00:00:00,0 days 05:00:00,KRO,MC-SAMARINDA 2,PO21_01_KAL_1800_22,,19SMR189,408974,2331,2333,44353,900,100.0,0.46,97.73,2318.19,0.0,0.16,100.0,100.0,2.27,99.79,97.48,2021-04-18 05:00:00,44353
2021-04-18 00:00:00,0 days 06:00:00,KRO,MC-SAMARINDA 2,PO21_01_KAL_1800_22,,19SMR189,408974,2331,2331,44351,900,100.0,0.0,100.0,0.14,0.0,0.01,,100.0,0.0,100.0,100.0,2021-04-18 06:00:00,44351
2021-04-18 00:00:00,0 days 06:00:00,KRO,MC-SAMARINDA 2,PO21_01_KAL_1800_22,,19SMR189,408974,2331,2332,44352,900,100.0,0.0,90.48,0.54,0.0,0.03,,100.0,9.52,98.37,100.0,2021-04-18 06:00:00,44352
2021-04-18 00:00:00,0 days 06:00:00,KRO,MC-SAMARINDA 2,PO21_01_KAL_1800_22,,19SMR189,408974,2331,2333,44353,900,100.0,2.5,100.0,2.19,0.0,0.21,,100.0,0.0,100.0,100.0,2021-04-18 06:00:00,44353
2021-04-18 00:00:00,0 days 07:00:00,KRO,MC-SAMARINDA 2,PO21_01_KAL_1800_22,,19SMR189,408974,2331,2331,44351,900,100.0,0.0,83.33,0.14,0.0,0.0,,100.0,16.67,100.0,100.0,2021-04-18 07:00:00,44351
2021-04-18 00:00:00,0 days 07:00:00,KRO,MC-SAMARINDA 2,PO21_01_KAL_1800_22,,19SMR189,408974,2331,2332,44352,900,100.0,3.23,100.0,65.09,0.0,0.13,100.0,100.0,0.0,96.47,97.06,2021-04-18 07:00:00,44352
2021-04-18 00:00:00,0 days 07:00:00,KRO,MC-SAMARINDA 2,PO21_01_KAL_1800_22,,19SMR189,408974,2331,2333,44353,900,100.0,0.0,93.02,72.27,0.0,0.44,,100.0,6.98,99.87,100.0,2021-04-18 07:00:00,44353
2021-04-18 00:00:00,0 days 08:00:00,KRO,MC-SAMARINDA 2,PO21_01_KAL_1800_22,,19SMR189,408974,2331,2331,44351,900,100.0,0.0,100.0,0.14,0.0,0.24,,100.0,0.0,100.0,100.0,2021-04-18 08:00:00,44351
2021-04-18 00:00:00,0 days 08:00:00,KRO,MC-SAMARINDA 2,PO21_01_KAL_1800_22,,19SMR189,408974,2331,2332,44352,900,100.0,0.0,94.87,655.32,0.0,0.29,,100.0,5.13,98.71,100.0,2021-04-18 08:00:00,44352
2021-04-18 00:00:00,0 days 08:00:00,KRO,MC-SAMARINDA 2,PO21_01_KAL_1800_22,,19SMR189,408974,2331,2333,44353,900,100.0,0.77,98.36,465.7,0.0,1.32,,100.0,1.64,99.91,99.39,2021-04-18 08:00:00,44353
2021-04-18 00:00:00,0 days 09:00:00,KRO,MC-SAMARINDA 2,PO21_01_KAL_1800_22,,19SMR189,408974,2331,2331,44351,900,100.0,0.0,100.0,0.96,,0.0,100.0,100.0,0.0,100.0,100.0,2021-04-18 09:00:00,44351
2021-04-18 00:00:00,0 days 09:00:00,KRO,MC-SAMARINDA 2,PO21_01_KAL_1800_22,,19SMR189,408974,2331,2332,44352,900,100.0,7.69,90.91,1.41,0.0,0.24,100.0,100.0,9.09,98.5,100.0,2021-04-18 09:00:00,44352
2021-04-18 00:00:00,0 days 09:00:00,KRO,MC-SAMARINDA 2,PO21_01_KAL_1800_22,,19SMR189,408974,2331,2333,44353,900,100.0,7.55,96.77,38.21,0.0,2.12,,100.0,3.23,99.82,99.56,2021-04-18 09:00:00,44353
2021-04-18 00:00:00,0 days 10:00:00,KRO,MC-SAMARINDA 2,PO21_01_KAL_1800_22,,19SMR189,408974,2331,2331,44351,900,100.0,,100.0,0.0,0.0,0.98,,100.0,0.0,99.92,100.0,2021-04-18 10:00:00,44351
2021-04-18 00:00:00,0 days 10:00:00,KRO,MC-SAMARINDA 2,PO21_01_KAL_1800_22,,19SMR189,408974,2331,2332,44352,900,100.0,18.18,94.12,4.62,0.0,0.18,,100.0,5.88,98.64,100.0,2021-04-18 10:00:00,44352
2021-04-18 00:00:00,0 days 10:00:00,KRO,MC-SAMARINDA 2,PO21_01_KAL_1800_22,,19SMR189,408974,2331,2333,44353,900,100.0,23.68,96.67,435.01,0.0,0.43,100.0,100.0,3.33,99.88,99.98,2021-04-18 10:00:00,44353
2021-04-18 00:00:00,0 days 11:00:00,KRO,MC-SAMARINDA 2,PO21_01_KAL_1800_22,,19SMR189,408974,2331,2331,44351,900,100.0,,,0.0,,0.0,,,0.0,,,2021-04-18 11:00:00,44351
2021-04-18 00:00:00,0 days 11:00:00,KRO,MC-SAMARINDA 2,PO21_01_KAL_1800_22,,19SMR189,408974,2331,2332,44352,900,100.0,0.0,100.0,0.87,0.0,0.11,,100.0,0.0,98.93,100.0,2021-04-18 11:00:00,44352
2021-04-18 00:00:00,0 days 11:00:00,KRO,MC-SAMARINDA 2,PO21_01_KAL_1800_22,,19SMR189,408974,2331,2333,44353,900,100.0,0.32,95.0,179.33,0.0,0.57,100.0,100.0,5.0,100.0,100.0,2021-04-18 11:00:00,44353
2021-04-18 00:00:00,0 days 12:00:00,KRO,MC-SAMARINDA 2,PO21_01_KAL_1800_22,,19SMR189,408974,2331,2331,44351,900,100.0,0.0,100.0,0.14,0.0,0.02,100.0,100.0,0.0,81.82,100.0,2021-04-18 12:00:00,44351
2021-04-18 00:00:00,0 days 12:00:00,KRO,MC-SAMARINDA 2,PO21_01_KAL_1800_22,,19SMR189,408974,2331,2332,44352,900,100.0,0.0,100.0,26.38,0.0,0.28,100.0,100.0,0.0,99.81,99.43,2021-04-18 12:00:00,44352
2021-04-18 00:00:00,0 days 12:00:00,KRO,MC-SAMARINDA 2,PO21_01_KAL_1800_22,,19SMR189,408974,2331,2333,44353,900,100.0,3.85,95.31,20.58,0.0,1.96,,100.0,4.69,100.0,99.93,2021-04-18 12:00:00,44353
2021-04-18 00:00:00,0 days 13:00:00,KRO,MC-SAMARINDA 2,PO21_01_KAL_1800_22,,19SMR189,408974,2331,2331,44351,900,100.0,0.0,,0.14,,0.0,,,0.0,,,2021-04-18 13:00:00,44351
2021-04-18 00:00:00,0 days 13:00:00,KRO,MC-SAMARINDA 2,PO21_01_KAL_1800_22,,19SMR189,408974,2331,2332,44352,900,100.0,0.0,88.89,43.45,0.0,0.09,100.0,100.0,11.11,98.99,94.3,2021-04-18 13:00:00,44352
2021-04-18 00:00:00,0 days 13:00:00,KRO,MC-SAMARINDA 2,PO21_01_KAL_1800_22,,19SMR189,408974,2331,2333,44353,900,100.0,0.18,96.92,79.48,0.0,0.48,,100.0,1.56,99.94,100.0,2021-04-18 13:00:00,44353
2021-04-18 00:00:00,0 days 14:00:00,KRO,MC-SAMARINDA 2,PO21_01_KAL_1800_22,,19SMR189,408974,2331,2331,44351,900,100.0,0.0,,0.14,,0.0,,,0.0,,,2021-04-18 14:00:00,44351
2021-04-18 00:00:00,0 days 14:00:00,KRO,MC-SAMARINDA 2,PO21_01_KAL_1800_22,,19SMR189,408974,2331,2332,44352,900,100.0,8.0,96.15,101.21,0.0,0.44,100.0,100.0,3.85,99.61,99.61,2021-04-18 14:00:00,44352
2021-04-18 00:00:00,0 days 14:00:00,KRO,MC-SAMARINDA 2,PO21_01_KAL_1800_22,,19SMR189,408974,2331,2333,44353,900,100.0,0.27,100.0,54.52,0.0,1.8,100.0,100.0,2.5,99.99,99.94,2021-04-18 14:00:00,44353
2021-04-18 00:00:00,0 days 15:00:00,KRO,MC-SAMARINDA 2,PO21_01_KAL_1800_22,,19SMR189,408974,2331,2331,44351,900,100.0,0.0,100.0,2.21,0.0,0.01,,100.0,0.0,100.0,100.0,2021-04-18 15:00:00,44351
2021-04-18 00:00:00,0 days 15:00:00,KRO,MC-SAMARINDA 2,PO21_01_KAL_1800_22,,19SMR189,408974,2331,2332,44352,900,100.0,5.71,100.0,64.66,0.0,0.16,100.0,100.0,0.0,96.64,100.0,2021-04-18 15:00:00,44352
2021-04-18 00:00:00,0 days 15:00:00,KRO,MC-SAMARINDA 2,PO21_01_KAL_1800_22,,19SMR189,408974,2331,2333,44353,900,100.0,5.26,97.92,39.0,0.0,0.71,100.0,100.0,2.08,99.44,96.12,2021-04-18 15:00:00,44353
2021-04-18 00:00:00,0 days 16:00:00,KRO,MC-SAMARINDA 2,PO21_01_KAL_1800_22,,19SMR189,408974,2331,2331,44351,900,100.0,0.24,100.0,1096.24,0.0,0.0,,100.0,0.0,94.87,100.0,2021-04-18 16:00:00,44351
2021-04-18 00:00:00,0 days 16:00:00,KRO,MC-SAMARINDA 2,PO21_01_KAL_1800_22,,19SMR189,408974,2331,2332,44352,900,100.0,2.25,77.74,94.42,0.0,0.09,,85.71,9.3,99.19,99.19,2021-04-18 16:00:00,44352
2021-04-18 00:00:00,0 days 16:00:00,KRO,MC-SAMARINDA 2,PO21_01_KAL_1800_22,,19SMR189,408974,2331,2333,44353,900,100.0,0.07,105.03,3740.51,0.0,0.34,100.0,106.67,1.54,99.63,94.23,2021-04-18 16:00:00,44353
2021-04-18 00:00:00,0 days 17:00:00,KRO,MC-SAMARINDA 2,PO21_01_KAL_1800_22,,19SMR189,408974,2331,2331,44351,900,100.0,0.11,100.0,1216.9,0.0,0.0,100.0,100.0,0.0,100.0,87.88,2021-04-18 17:00:00,44351
2021-04-18 00:00:00,0 days 17:00:00,KRO,MC-SAMARINDA 2,PO21_01_KAL_1800_22,,19SMR189,408974,2331,2332,44352,900,100.0,0.0,93.33,0.62,0.0,0.08,,100.0,6.67,99.01,100.0,2021-04-18 17:00:00,44352
2021-04-18 00:00:00,0 days 17:00:00,KRO,MC-SAMARINDA 2,PO21_01_KAL_1800_22,,19SMR189,408974,2331,2333,44353,900,100.0,4.69,95.0,233.42,0.0,0.68,100.0,95.0,0.0,99.88,94.68,2021-04-18 17:00:00,44353
2021-04-18 00:00:00,0 days 18:00:00,KRO,MC-SAMARINDA 2,PO21_01_KAL_1800_22,,19SMR189,408974,2331,2331,44351,900,100.0,0.05,,1526.58,,0.0,,,0.0,,,2021-04-18 18:00:00,44351
2021-04-18 00:00:00,0 days 18:00:00,KRO,MC-SAMARINDA 2,PO21_01_KAL_1800_22,,19SMR189,408974,2331,2332,44352,900,100.0,2.13,96.88,6.7,0.0,0.11,,100.0,3.12,96.73,100.0,2021-04-18 18:00:00,44352
2021-04-18 00:00:00,0 days 18:00:00,KRO,MC-SAMARINDA 2,PO21_01_KAL_1800_22,,19SMR189,408974,2331,2333,44353,900,100.0,0.94,98.25,9.58,0.0,0.57,100.0,100.0,1.75,99.74,99.49,2021-04-18 18:00:00,44353
2021-04-18 00:00:00,0 days 19:00:00,KRO,MC-SAMARINDA 2,PO21_01_KAL_1800_22,,19SMR189,408974,2331,2331,44351,900,100.0,0.11,100.0,1145.64,0.0,0.04,,100.0,0.0,100.0,95.83,2021-04-18 19:00:00,44351
2021-04-18 00:00:00,0 days 19:00:00,KRO,MC-SAMARINDA 2,PO21_01_KAL_1800_22,,19SMR189,408974,2331,2332,44352,900,100.0,0.0,100.0,157.4,0.0,0.19,100.0,100.0,0.0,97.85,100.0,2021-04-18 19:00:00,44352
2021-04-18 00:00:00,0 days 19:00:00,KRO,MC-SAMARINDA 2,PO21_01_KAL_1800_22,,19SMR189,408974,2331,2333,44353,900,100.0,5.71,100.0,86.54,0.0,1.91,100.0,100.0,0.0,99.78,97.01,2021-04-18 19:00:00,44353
2021-04-18 00:00:00,0 days 20:00:00,KRO,MC-SAMARINDA 2,PO21_01_KAL_1800_22,,19SMR189,408974,2331,2331,44351,900,100.0,0.07,,1108.53,,0.0,,,0.0,,,2021-04-18 20:00:00,44351
2021-04-18 00:00:00,0 days 20:00:00,KRO,MC-SAMARINDA 2,PO21_01_KAL_1800_22,,19SMR189,408974,2331,2332,44352,900,100.0,4.9,89.13,15.05,0.0,0.1,,100.0,10.87,98.9,97.79,2021-04-18 20:00:00,44352
2021-04-18 00:00:00,0 days 20:00:00,KRO,MC-SAMARINDA 2,PO21_01_KAL_1800_22,,19SMR189,408974,2331,2333,44353,900,100.0,3.38,100.0,81.74,0.0,1.32,100.0,100.0,0.0,99.93,100.0,2021-04-18 20:00:00,44353
2021-04-18 00:00:00,0 days 21:00:00,KRO,MC-SAMARINDA 2,PO21_01_KAL_1800_22,,19SMR189,408974,2331,2331,44351,900,100.0,0.04,100.0,1200.08,0.0,0.01,,100.0,0.0,100.0,86.67,2021-04-18 21:00:00,44351
2021-04-18 00:00:00,0 days 21:00:00,KRO,MC-SAMARINDA 2,PO21_01_KAL_1800_22,,19SMR189,408974,2331,2332,44352,900,100.0,0.0,93.33,1.64,0.0,0.29,100.0,100.0,6.67,98.73,99.22,2021-04-18 21:00:00,44352
2021-04-18 00:00:00,0 days 21:00:00,KRO,MC-SAMARINDA 2,PO21_01_KAL_1800_22,,19SMR189,408974,2331,2333,44353,900,100.0,4.76,96.88,24.89,0.0,3.39,100.0,100.0,3.12,100.0,92.51,2021-04-18 21:00:00,44353
2021-04-18 00:00:00,0 days 22:00:00,KRO,MC-SAMARINDA 2,PO21_01_KAL_1800_22,,19SMR189,408974,2331,2331,44351,900,100.0,0.04,,1299.65,,0.0,,,0.0,,,2021-04-18 22:00:00,44351
2021-04-18 00:00:00,0 days 22:00:00,KRO,MC-SAMARINDA 2,PO21_01_KAL_1800_22,,19SMR189,408974,2331,2332,44352,900,100.0,2.44,100.0,29.75,0.0,0.92,,100.0,0.0,,,2021-04-18 22:00:00,44352
2021-04-18 00:00:00,0 days 22:00:00,KRO,MC-SAMARINDA 2,PO21_01_KAL_1800_22,,19SMR189,408974,2331,2333,44353,900,100.0,6.38,100.0,20.38,0.0,3.34,100.0,100.0,0.0,99.82,100.0,2021-04-18 22:00:00,44353
2021-04-19 00:00:00,0 days 00:00:00,KRO,MC-SAMARINDA 2,PO21_01_KAL_1800_22,,19SMR189,408974,2331,2331,44351,900,100.0,0.04,,1306.39,,0.0,,,0.0,,,2021-04-19 00:00:00,44351
2021-04-19 00:00:00,0 days 00:00:00,KRO,MC-SAMARINDA 2,PO21_01_KAL_1800_22,,19SMR189,408974,2331,2332,44352,900,100.0,0.0,95.0,0.87,0.0,0.0,,100.0,5.0,100.0,100.0,2021-04-19 00:00:00,44352
2021-04-19 00:00:00,0 days 00:00:00,KRO,MC-SAMARINDA 2,PO21_01_KAL_1800_22,,19SMR189,408974,2331,2333,44353,900,100.0,0.0,,0.14,,0.0,,,0.0,,,2021-04-19 00:00:00,44353
2021-04-19 00:00:00,0 days 01:00:00,KRO,MC-SAMARINDA 2,PO21_01_KAL_1800_22,,19SMR189,408974,2331,2331,44351,900,100.0,0.11,,1178.88,,0.0,,,0.0,,,2021-04-19 01:00:00,44351
2021-04-19 00:00:00,0 days 01:00:00,KRO,MC-SAMARINDA 2,PO21_01_KAL_1800_22,,19SMR189,408974,2331,2332,44352,900,100.0,0.0,,0.14,,0.0,,,0.0,,,2021-04-19 01:00:00,44352
2021-04-19 00:00:00,0 days 01:00:00,KRO,MC-SAMARINDA 2,PO21_01_KAL_1800_22,,19SMR189,408974,2331,2333,44353,900,100.0,0.0,100.0,0.14,0.0,0.01,,100.0,0.0,100.0,100.0,2021-04-19 01:00:00,44353
2021-04-19 00:00:00,0 days 02:00:00,KRO,MC-SAMARINDA 2,PO21_01_KAL_1800_22,,19SMR189,408974,2331,2331,44351,900,100.0,0.02,,1222.55,,0.0,,,25.0,,,2021-04-19 02:00:00,44351
2021-04-19 00:00:00,0 days 02:00:00,KRO,MC-SAMARINDA 2,PO21_01_KAL_1800_22,,19SMR189,408974,2331,2332,44352,900,100.0,4.17,95.24,1.16,0.0,0.04,,100.0,4.76,100.0,100.0,2021-04-19 02:00:00,44352
2021-04-19 00:00:00,0 days 02:00:00,KRO,MC-SAMARINDA 2,PO21_01_KAL_1800_22,,19SMR189,408974,2331,2333,44353,900,100.0,0.0,,0.72,,0.0,,,0.0,,,2021-04-19 02:00:00,44353
2021-04-19 00:00:00,0 days 03:00:00,KRO,MC-SAMARINDA 2,PO21_01_KAL_1800_22,,19SMR189,408974,2331,2331,44351,900,100.0,0.02,,1241.07,,0.0,,,0.0,,,2021-04-19 03:00:00,44351
2021-04-19 00:00:00,0 days 03:00:00,KRO,MC-SAMARINDA 2,PO21_01_KAL_1800_22,,19SMR189,408974,2331,2332,44352,900,100.0,0.0,100.0,0.14,,0.01,100.0,100.0,0.0,74.36,100.0,2021-04-19 03:00:00,44352
2021-04-19 00:00:00,0 days 03:00:00,KRO,MC-SAMARINDA 2,PO21_01_KAL_1800_22,,19SMR189,408974,2331,2333,44353,900,100.0,0.0,100.0,0.95,0.0,0.26,,100.0,0.0,98.73,100.0,2021-04-19 03:00:00,44353
2021-04-19 00:00:00,0 days 04:00:00,KRO,MC-SAMARINDA 2,PO21_01_KAL_1800_22,,19SMR189,408974,2331,2331,44351,900,100.0,0.07,,1253.56,,0.0,,,0.0,,,2021-04-19 04:00:00,44351
2021-04-19 00:00:00,0 days 04:00:00,KRO,MC-SAMARINDA 2,PO21_01_KAL_1800_22,,19SMR189,408974,2331,2332,44352,900,100.0,0.0,89.47,16.28,,0.01,100.0,100.0,5.56,97.56,100.0,2021-04-19 04:00:00,44352
2021-04-19 00:00:00,0 days 04:00:00,KRO,MC-SAMARINDA 2,PO21_01_KAL_1800_22,,19SMR189,408974,2331,2333,44353,900,100.0,3.75,97.62,53.82,0.0,0.1,100.0,100.0,2.38,99.74,100.0,2021-04-19 04:00:00,44353
2021-04-19 00:00:00,0 days 05:00:00,KRO,MC-SAMARINDA 2,PO21_01_KAL_1800_22,,19SMR189,408974,2331,2331,44351,900,100.0,0.02,,1197.33,0.0,0.01,100.0,,0.0,100.0,100.0,2021-04-19 05:00:00,44351
2021-04-19 00:00:00,0 days 05:00:00,KRO,MC-SAMARINDA 2,PO21_01_KAL_1800_22,,19SMR189,408974,2331,2332,44352,900,100.0,3.33,93.33,1591.81,0.0,0.02,,100.0,9.68,100.0,96.04,2021-04-19 05:00:00,44352
2021-04-19 00:00:00,0 days 05:00:00,KRO,MC-SAMARINDA 2,PO21_01_KAL_1800_22,,19SMR189,408974,2331,2333,44353,900,100.0,1.81,97.89,2682.48,0.0,0.18,100.0,100.0,2.11,100.0,99.09,2021-04-19 05:00:00,44353
2021-04-19 00:00:00,0 days 06:00:00,KRO,MC-SAMARINDA 2,PO21_01_KAL_1800_22,,19SMR189,408974,2331,2331,44351,900,100.0,0.19,,1642.15,,0.0,,,0.0,,,2021-04-19 06:00:00,44351
2021-04-19 00:00:00,0 days 06:00:00,KRO,MC-SAMARINDA 2,PO21_01_KAL_1800_22,,19SMR189,408974,2331,2332,44352,900,100.0,0.0,90.91,47.99,0.0,0.5,,100.0,9.09,99.73,93.34,2021-04-19 06:00:00,44352
2021-04-19 00:00:00,0 days 06:00:00,KRO,MC-SAMARINDA 2,PO21_01_KAL_1800_22,,19SMR189,408974,2331,2333,44353,900,100.0,1.75,94.87,1833.33,0.0,0.39,,100.0,5.13,100.0,98.87,2021-04-19 06:00:00,44353
2021-04-19 00:00:00,0 days 07:00:00,KRO,MC-SAMARINDA 2,PO21_01_KAL_1800_22,,19SMR189,408974,2331,2331,44351,900,100.0,0.04,111.11,1185.9,,0.01,100.0,100.0,0.0,100.0,97.14,2021-04-19 07:00:00,44351
2021-04-19 00:00:00,0 days 07:00:00,KRO,MC-SAMARINDA 2,PO21_01_KAL_1800_22,,19SMR189,408974,2331,2332,44352,900,100.0,0.0,100.0,1.59,0.0,0.27,100.0,100.0,0.0,96.45,96.05,2021-04-19 07:00:00,44352
2021-04-19 00:00:00,0 days 07:00:00,KRO,MC-SAMARINDA 2,PO21_01_KAL_1800_22,,19SMR189,408974,2331,2333,44353,900,100.0,6.67,96.77,27.67,0.0,0.42,,100.0,3.23,99.94,98.69,2021-04-19 07:00:00,44353
2021-04-19 00:00:00,0 days 08:00:00,KRO,MC-SAMARINDA 2,PO21_01_KAL_1800_22,,19SMR189,408974,2331,2331,44351,900,100.0,0.02,,1182.22,,0.0,,,0.0,,,2021-04-19 08:00:00,44351
2021-04-19 00:00:00,0 days 08:00:00,KRO,MC-SAMARINDA 2,PO21_01_KAL_1800_22,,19SMR189,408974,2331,2332,44352,900,100.0,0.0,96.55,1.3,0.0,0.18,100.0,100.0,3.45,97.08,100.0,2021-04-19 08:00:00,44352
2021-04-19 00:00:00,0 days 08:00:00,KRO,MC-SAMARINDA 2,PO21_01_KAL_1800_22,,19SMR189,408974,2331,2333,44353,900,100.0,1.91,97.56,191.55,0.0,0.44,100.0,100.0,2.44,99.94,96.09,2021-04-19 08:00:00,44353
2021-04-19 00:00:00,0 days 09:00:00,KRO,MC-SAMARINDA 2,PO21_01_KAL_1800_22,,19SMR189,408974,2331,2331,44351,900,100.0,0.07,,1113.27,,0.0,,,0.0,,,2021-04-19 09:00:00,44351
2021-04-19 00:00:00,0 days 09:00:00,KRO,MC-SAMARINDA 2,PO21_01_KAL_1800_22,,19SMR189,408974,2331,2332,44352,900,100.0,3.03,85.0,3.12,0.0,0.08,,100.0,15.0,97.74,100.0,2021-04-19 09:00:00,44352
2021-04-19 00:00:00,0 days 09:00:00,KRO,MC-SAMARINDA 2,PO21_01_KAL_1800_22,,19SMR189,408974,2331,2333,44353,900,100.0,1.2,96.72,622.13,4.17,1.61,100.0,100.0,3.28,99.54,98.51,2021-04-19 09:00:00,44353
2021-04-19 00:00:00,0 days 10:00:00,KRO,MC-SAMARINDA 2,PO21_01_KAL_1800_22,,19SMR189,408974,2331,2331,44351,900,100.0,0.0,,26.0,,0.0,,,0.0,,,2021-04-19 10:00:00,44351
2021-04-19 00:00:00,0 days 10:00:00,KRO,MC-SAMARINDA 2,PO21_01_KAL_1800_22,,19SMR189,408974,2331,2332,44352,900,100.0,3.45,95.24,90.53,0.0,0.14,,100.0,4.76,95.83,100.0,2021-04-19 10:00:00,44352
2021-04-19 00:00:00,0 days 10:00:00,KRO,MC-SAMARINDA 2,PO21_01_KAL_1800_22,,19SMR189,408974,2331,2333,44353,900,100.0,4.08,100.0,45.13,0.0,1.36,100.0,100.0,0.0,99.43,98.83,2021-04-19 10:00:00,44353
2021-04-19 00:00:00,0 days 11:00:00,KRO,MC-SAMARINDA 2,PO21_01_KAL_1800_22,,19SMR189,408974,2331,2331,44351,900,100.0,0.52,100.0,18.88,0.0,0.0,,100.0,0.0,100.0,100.0,2021-04-19 11:00:00,44351
2021-04-19 00:00:00,0 days 11:00:00,KRO,MC-SAMARINDA 2,PO21_01_KAL_1800_22,,19SMR189,408974,2331,2332,44352,900,100.0,0.0,87.5,0.29,0.0,0.08,,100.0,12.5,99.08,100.0,2021-04-19 11:00:00,44352
2021-04-19 00:00:00,0 days 11:00:00,KRO,MC-SAMARINDA 2,PO21_01_KAL_1800_22,,19SMR189,408974,2331,2333,44353,900,100.0,0.43,95.56,51.92,0.0,0.47,100.0,100.0,4.44,100.0,98.01,2021-04-19 11:00:00,44353
2021-04-19 00:00:00,0 days 12:00:00,KRO,MC-SAMARINDA 2,PO21_01_KAL_1800_22,,19SMR189,408974,2331,2331,44351,900,100.0,0.0,,12.98,,0.0,,,25.0,,,2021-04-19 12:00:00,44351
2021-04-19 00:00:00,0 days 12:00:00,KRO,MC-SAMARINDA 2,PO21_01_KAL_1800_22,,19SMR189,408974,2331,2332,44352,900,100.0,3.66,100.0,1943.16,0.0,0.21,100.0,100.0,0.0,98.56,99.28,2021-04-19 12:00:00,44352
2021-04-19 00:00:00,0 days 12:00:00,KRO,MC-SAMARINDA 2,PO21_01_KAL_1800_22,,19SMR189,408974,2331,2333,44353,900,100.0,0.66,95.83,3555.61,0.0,2.49,100.0,100.0,4.17,99.87,98.36,2021-04-19 12:00:00,44353
2021-04-19 00:00:00,0 days 13:00:00,KRO,MC-SAMARINDA 2,PO21_01_KAL_1800_22,,19SMR189,408974,2331,2331,44351,900,100.0,0.0,100.0,20.12,0.0,0.0,,100.0,0.0,81.25,100.0,2021-04-19 13:00:00,44351
2021-04-19 00:00:00,0 days 13:00:00,KRO,MC-SAMARINDA 2,PO21_01_KAL_1800_22,,19SMR189,408974,2331,2332,44352,900,100.0,13.64,95.0,2.34,0.0,0.12,100.0,100.0,5.0,100.0,98.9,2021-04-19 13:00:00,44352
2021-04-19 00:00:00,0 days 13:00:00,KRO,MC-SAMARINDA 2,PO21_01_KAL_1800_22,,19SMR189,408974,2331,2333,44353,900,100.0,1.83,95.74,239.27,0.0,2.02,100.0,100.0,4.26,99.75,99.94,2021-04-19 13:00:00,44353
2021-04-19 00:00:00,0 days 14:00:00,KRO,MC-SAMARINDA 2,PO21_01_KAL_1800_22,,19SMR189,408974,2331,2331,44351,900,100.0,0.0,100.0,7.6,0.0,0.01,,100.0,0.0,100.0,100.0,2021-04-19 14:00:00,44351
2021-04-19 00:00:00,0 days 14:00:00,KRO,MC-SAMARINDA 2,PO21_01_KAL_1800_22,,19SMR189,408974,2331,2332,44352,900,100.0,3.85,100.0,1.45,0.0,0.43,100.0,100.0,0.0,98.8,98.6,2021-04-19 14:00:00,44352
2021-04-19 00:00:00,0 days 14:00:00,KRO,MC-SAMARINDA 2,PO21_01_KAL_1800_22,,19SMR189,408974,2331,2333,44353,900,100.0,0.0,97.96,13.66,0.0,0.93,100.0,100.0,2.04,99.85,99.92,2021-04-19 14:00:00,44353
2021-04-19 00:00:00,0 days 15:00:00,KRO,MC-SAMARINDA 2,PO21_01_KAL_1800_22,,19SMR189,408974,2331,2331,44351,900,100.0,0.0,,7.17,,0.0,,,0.0,,,2021-04-19 15:00:00,44351
2021-04-19 00:00:00,0 days 15:00:00,KRO,MC-SAMARINDA 2,PO21_01_KAL_1800_22,,19SMR189,408974,2331,2332,44352,900,100.0,2.56,96.43,57.75,0.0,0.1,100.0,100.0,3.57,91.41,99.08,2021-04-19 15:00:00,44352
2021-04-19 00:00:00,0 days 15:00:00,KRO,MC-SAMARINDA 2,PO21_01_KAL_1800_22,,19SMR189,408974,2331,2333,44353,900,100.0,0.88,98.21,55.54,0.0,0.67,100.0,100.0,1.79,98.26,96.82,2021-04-19 15:00:00,44353
2021-04-19 00:00:00,0 days 16:00:00,KRO,MC-SAMARINDA 2,PO21_01_KAL_1800_22,,19SMR189,408974,2331,2331,44351,900,100.0,0.0,,10.55,,0.0,,,0.0,,,2021-04-19 16:00:00,44351
2021-04-19 00:00:00,0 days 16:00:00,KRO,MC-SAMARINDA 2,PO21_01_KAL_1800_22,,19SMR189,408974,2331,2332,44352,900,100.0,0.0,100.0,11.44,0.0,0.16,100.0,100.0,0.0,98.29,99.14,2021-04-19 16:00:00,44352
2021-04-19 00:00:00,0 days 16:00:00,KRO,MC-SAMARINDA 2,PO21_01_KAL_1800_22,,19SMR189,408974,2331,2333,44353,900,100.0,2.35,97.47,13.09,0.0,3.31,100.0,100.0,2.53,99.75,99.6,2021-04-19 16:00:00,44353
2021-04-19 00:00:00,0 days 17:00:00,KRO,MC-SAMARINDA 2,PO21_01_KAL_1800_22,,19SMR189,408974,2331,2331,44351,900,100.0,0.56,100.0,8.82,0.0,0.06,100.0,100.0,0.0,100.0,100.0,2021-04-19 17:00:00,44351
2021-04-19 00:00:00,0 days 17:00:00,KRO,MC-SAMARINDA 2,PO21_01_KAL_1800_22,,19SMR189,408974,2331,2332,44352,900,100.0,0.0,96.43,1.16,0.0,0.24,100.0,100.0,3.57,97.11,100.0,2021-04-19 17:00:00,44352
2021-04-19 00:00:00,0 days 17:00:00,KRO,MC-SAMARINDA 2,PO21_01_KAL_1800_22,,19SMR189,408974,2331,2333,44353,900,100.0,0.0,96.23,11.42,0.0,0.81,100.0,100.0,3.77,99.92,99.18,2021-04-19 17:00:00,44353
2021-04-19 00:00:00,0 days 18:00:00,KRO,MC-SAMARINDA 2,PO21_01_KAL_1800_22,,19SMR189,408974,2331,2331,44351,900,100.0,0.0,,6.3,-0.0,0.14,100.0,,0.0,100.0,100.0,2021-04-19 18:00:00,44351
2021-04-19 00:00:00,0 days 18:00:00,KRO,MC-SAMARINDA 2,PO21_01_KAL_1800_22,,19SMR189,408974,2331,2332,44352,900,100.0,0.0,100.0,0.78,0.0,2.68,100.0,100.0,0.0,98.77,99.44,2021-04-19 18:00:00,44352
2021-04-19 00:00:00,0 days 18:00:00,KRO,MC-SAMARINDA 2,PO21_01_KAL_1800_22,,19SMR189,408974,2331,2333,44353,900,100.0,7.81,100.0,90.17,0.0,0.63,,100.0,0.0,99.78,99.55,2021-04-19 18:00:00,44353
2021-04-19 00:00:00,0 days 19:00:00,KRO,MC-SAMARINDA 2,PO21_01_KAL_1800_22,,19SMR189,408974,2331,2331,44351,900,100.0,0.0,100.0,18.2,0.0,0.86,100.0,100.0,0.0,99.87,97.93,2021-04-19 19:00:00,44351
2021-04-19 00:00:00,0 days 19:00:00,KRO,MC-SAMARINDA 2,PO21_01_KAL_1800_22,,19SMR189,408974,2331,2332,44352,900,100.0,4.35,87.5,0.72,0.0,0.52,100.0,100.0,12.5,98.3,100.0,2021-04-19 19:00:00,44352
2021-04-19 00:00:00,0 days 19:00:00,KRO,MC-SAMARINDA 2,PO21_01_KAL_1800_22,,19SMR189,408974,2331,2333,44353,900,100.0,0.0,100.0,0.58,0.0,3.09,100.0,100.0,0.0,99.92,98.81,2021-04-19 19:00:00,44353
2021-04-19 00:00:00,0 days 20:00:00,KRO,MC-SAMARINDA 2,PO21_01_KAL_1800_22,,19SMR189,408974,2331,2331,44351,900,100.0,0.0,88.89,33.13,0.0,0.71,100.0,100.0,11.11,99.92,100.0,2021-04-19 20:00:00,44351
2021-04-19 00:00:00,0 days 20:00:00,KRO,MC-SAMARINDA 2,PO21_01_KAL_1800_22,,19SMR189,408974,2331,2332,44352,900,100.0,0.0,96.0,2.1,0.0,0.81,100.0,100.0,4.0,92.75,100.0,2021-04-19 20:00:00,44352
2021-04-19 00:00:00,0 days 20:00:00,KRO,MC-SAMARINDA 2,PO21_01_KAL_1800_22,,19SMR189,408974,2331,2333,44353,900,100.0,0.0,100.0,2.18,0.0,3.01,100.0,100.0,0.0,99.92,99.95,2021-04-19 20:00:00,44353
2021-04-19 00:00:00,0 days 21:00:00,KRO,MC-SAMARINDA 2,PO21_01_KAL_1800_22,,19SMR189,408974,2331,2331,44351,900,100.0,0.0,100.0,25.22,,0.79,100.0,100.0,0.0,100.0,99.93,2021-04-19 21:00:00,44351
2021-04-19 00:00:00,0 days 21:00:00,KRO,MC-SAMARINDA 2,PO21_01_KAL_1800_22,,19SMR189,408974,2331,2332,44352,900,100.0,0.0,100.0,0.43,0.0,0.57,100.0,100.0,0.0,97.37,94.74,2021-04-19 21:00:00,44352
2021-04-19 00:00:00,0 days 21:00:00,KRO,MC-SAMARINDA 2,PO21_01_KAL_1800_22,,19SMR189,408974,2331,2333,44353,900,100.0,0.0,100.0,0.14,0.0,2.83,100.0,100.0,0.0,99.83,99.28,2021-04-19 21:00:00,44353
2021-04-19 00:00:00,0 days 22:00:00,KRO,MC-SAMARINDA 2,PO21_01_KAL_1800_22,,19SMR189,408974,2331,2331,44351,900,100.0,0.0,100.0,33.55,,1.39,100.0,100.0,0.0,100.0,100.0,2021-04-19 22:00:00,44351
2021-04-19 00:00:00,0 days 22:00:00,KRO,MC-SAMARINDA 2,PO21_01_KAL_1800_22,,19SMR189,408974,2331,2332,44352,900,100.0,0.0,100.0,14.64,0.0,0.26,100.0,100.0,0.0,96.49,100.0,2021-04-19 22:00:00,44352
2021-04-19 00:00:00,0 days 22:00:00,KRO,MC-SAMARINDA 2,PO21_01_KAL_1800_22,,19SMR189,408974,2331,2333,44353,900,100.0,0.0,100.0,0.43,0.0,4.0,100.0,100.0,0.0,99.99,99.99,2021-04-19 22:00:00,44353
2021-04-20 00:00:00,0 days 00:00:00,KRO,MC-SAMARINDA 2,PO21_01_KAL_1800_22,,19SMR189,408974,2331,2331,44351,900,100.0,0.0,,14.3,,0.0,,,0.0,,,2021-04-20 00:00:00,44351
2021-04-20 00:00:00,0 days 00:00:00,KRO,MC-SAMARINDA 2,PO21_01_KAL_1800_22,,19SMR189,408974,2331,2332,44352,900,100.0,0.0,95.0,2.12,0.0,0.0,,100.0,5.0,100.0,100.0,2021-04-20 00:00:00,44352
2021-04-20 00:00:00,0 days 00:00:00,KRO,MC-SAMARINDA 2,PO21_01_KAL_1800_22,,19SMR189,408974,2331,2333,44353,900,100.0,0.0,,0.14,,0.0,,,5.0,,,2021-04-20 00:00:00,44353
2021-04-20 00:00:00,0 days 01:00:00,KRO,MC-SAMARINDA 2,PO21_01_KAL_1800_22,,19SMR189,408974,2331,2331,44351,900,100.0,0.05,,1146.76,,0.0,,,0.0,,,2021-04-20 01:00:00,44351
2021-04-20 00:00:00,0 days 01:00:00,KRO,MC-SAMARINDA 2,PO21_01_KAL_1800_22,,19SMR189,408974,2331,2332,44352,900,100.0,0.0,,0.43,,0.0,,,0.0,,,2021-04-20 01:00:00,44352
2021-04-20 00:00:00,0 days 01:00:00,KRO,MC-SAMARINDA 2,PO21_01_KAL_1800_22,,19SMR189,408974,2331,2333,44353,900,100.0,24.05,,1.61,,0.0,,,0.0,,,2021-04-20 01:00:00,44353
2021-04-20 00:00:00,0 days 02:00:00,KRO,MC-SAMARINDA 2,PO21_01_KAL_1800_22,,19SMR189,408974,2331,2331,44351,900,100.0,2.78,,25.56,,0.0,,,0.0,,,2021-04-20 02:00:00,44351
2021-04-20 00:00:00,0 days 02:00:00,KRO,MC-SAMARINDA 2,PO21_01_KAL_1800_22,,19SMR189,408974,2331,2332,44352,900,100.0,0.0,88.24,889.72,0.0,0.1,100.0,100.0,11.76,99.12,100.0,2021-04-20 02:00:00,44352
2021-04-20 00:00:00,0 days 02:00:00,KRO,MC-SAMARINDA 2,PO21_01_KAL_1800_22,,19SMR189,408974,2331,2333,44353,900,100.0,2.32,100.0,508.51,0.0,0.14,,100.0,0.0,99.39,100.0,2021-04-20 02:00:00,44353
2021-04-20 00:00:00,0 days 03:00:00,KRO,MC-SAMARINDA 2,PO21_01_KAL_1800_22,,19SMR189,408974,2331,2331,44351,900,100.0,0.0,,0.14,,0.0,,,0.0,,,2021-04-20 03:00:00,44351
2021-04-20 00:00:00,0 days 03:00:00,KRO,MC-SAMARINDA 2,PO21_01_KAL_1800_22,,19SMR189,408974,2331,2332,44352,900,100.0,0.03,,884.69,,0.0,,,0.0,,,2021-04-20 03:00:00,44352
2021-04-20 00:00:00,0 days 03:00:00,KRO,MC-SAMARINDA 2,PO21_01_KAL_1800_22,,19SMR189,408974,2331,2333,44353,900,100.0,1.07,100.0,182.05,0.0,0.37,100.0,100.0,0.0,98.13,100.0,2021-04-20 03:00:00,44353
2021-04-20 00:00:00,0 days 04:00:00,KRO,MC-SAMARINDA 2,PO21_01_KAL_1800_22,,19SMR189,408974,2331,2331,44351,900,100.0,-25.0,,0.0,,0.0,,,0.0,,,2021-04-20 04:00:00,44351
2021-04-20 00:00:00,0 days 04:00:00,KRO,MC-SAMARINDA 2,PO21_01_KAL_1800_22,,19SMR189,408974,2331,2332,44352,900,100.0,0.16,92.31,892.29,,0.02,100.0,100.0,7.69,95.77,100.0,2021-04-20 04:00:00,44352
2021-04-20 00:00:00,0 days 04:00:00,KRO,MC-SAMARINDA 2,PO21_01_KAL_1800_22,,19SMR189,408974,2331,2333,44353,900,100.0,0.1,100.0,563.67,0.0,0.69,100.0,100.0,0.0,99.96,94.19,2021-04-20 04:00:00,44353
2021-04-20 00:00:00,0 days 05:00:00,KRO,MC-SAMARINDA 2,PO21_01_KAL_1800_22,,19SMR189,408974,2331,2331,44351,900,100.0,0.0,,157.5,,0.0,,,0.0,,,2021-04-20 05:00:00,44351
2021-04-20 00:00:00,0 days 05:00:00,KRO,MC-SAMARINDA 2,PO21_01_KAL_1800_22,,19SMR189,408974,2331,2332,44352,900,100.0,0.05,90.48,831.27,0.0,0.04,100.0,100.0,9.52,98.68,100.0,2021-04-20 05:00:00,44352
2021-04-20 00:00:00,0 days 05:00:00,KRO,MC-SAMARINDA 2,PO21_01_KAL_1800_22,,19SMR189,408974,2331,2333,44353,900,100.0,2.35,100.0,847.63,0.0,0.21,,100.0,0.0,100.0,100.0,2021-04-20 05:00:00,44353
2021-04-20 00:00:00,0 days 06:00:00,KRO,MC-SAMARINDA 2,PO21_01_KAL_1800_22,,19SMR189,408974,2331,2331,44351,900,100.0,0.0,66.67,0.43,0.0,0.04,,100.0,33.33,100.0,100.0,2021-04-20 06:00:00,44351
2021-04-20 00:00:00,0 days 06:00:00,KRO,MC-SAMARINDA 2,PO21_01_KAL_1800_22,,19SMR189,408974,2331,2332,44352,900,100.0,0.29,91.3,1028.7,0.0,0.33,,100.0,8.7,100.0,95.22,2021-04-20 06:00:00,44352
2021-04-20 00:00:00,0 days 06:00:00,KRO,MC-SAMARINDA 2,PO21_01_KAL_1800_22,,19SMR189,408974,2331,2333,44353,900,100.0,2.13,100.0,2.44,0.0,0.39,100.0,100.0,0.0,98.22,100.0,2021-04-20 06:00:00,44353
2021-04-20 00:00:00,0 days 07:00:00,KRO,MC-SAMARINDA 2,PO21_01_KAL_1800_22,,19SMR189,408974,2331,2331,44351,900,100.0,0.0,,254.23,,0.0,,,33.33,,,2021-04-20 07:00:00,44351
2021-04-20 00:00:00,0 days 07:00:00,KRO,MC-SAMARINDA 2,PO21_01_KAL_1800_22,,19SMR189,408974,2331,2332,44352,900,100.0,0.13,96.43,857.7,0.0,0.41,100.0,100.0,3.57,99.94,93.96,2021-04-20 07:00:00,44352
2021-04-20 00:00:00,0 days 07:00:00,KRO,MC-SAMARINDA 2,PO21_01_KAL_1800_22,,19SMR189,408974,2331,2333,44353,900,100.0,1.12,94.12,23.43,0.0,0.4,100.0,100.0,5.88,99.73,99.05,2021-04-20 07:00:00,44353
2021-04-20 00:00:00,0 days 08:00:00,KRO,MC-SAMARINDA 2,PO21_01_KAL_1800_22,,19SMR189,408974,2331,2331,44351,900,100.0,0.04,100.0,659.43,0.0,0.16,,100.0,0.0,100.0,100.0,2021-04-20 08:00:00,44351
2021-04-20 00:00:00,0 days 08:00:00,KRO,MC-SAMARINDA 2,PO21_01_KAL_1800_22,,19SMR189,408974,2331,2332,44352,900,100.0,2.02,98.73,103.68,0.0,0.31,100.0,100.0,1.27,95.72,99.26,2021-04-20 08:00:00,44352
2021-04-20 00:00:00,0 days 08:00:00,KRO,MC-SAMARINDA 2,PO21_01_KAL_1800_22,,19SMR189,408974,2331,2333,44353,900,100.0,1.99,99.07,349.17,0.0,1.94,100.0,100.0,0.93,99.69,99.38,2021-04-20 08:00:00,44353
2021-04-20 00:00:00,0 days 09:00:00,KRO,MC-SAMARINDA 2,PO21_01_KAL_1800_22,,19SMR189,408974,2331,2331,44351,900,100.0,0.0,,1.12,,0.0,100.0,,0.0,94.44,100.0,2021-04-20 09:00:00,44351
2021-04-20 00:00:00,0 days 09:00:00,KRO,MC-SAMARINDA 2,PO21_01_KAL_1800_22,,19SMR189,408974,2331,2332,44352,900,100.0,9.09,95.0,0.66,0.0,0.1,100.0,100.0,5.0,97.83,96.89,2021-04-20 09:00:00,44352
2021-04-20 00:00:00,0 days 09:00:00,KRO,MC-SAMARINDA 2,PO21_01_KAL_1800_22,,19SMR189,408974,2331,2333,44353,900,100.0,0.09,99.05,1291.9,0.0,2.09,100.0,100.0,0.0,99.66,99.77,2021-04-20 09:00:00,44353
2021-04-20 00:00:00,0 days 10:00:00,KRO,MC-SAMARINDA 2,PO21_01_KAL_1800_22,,19SMR189,408974,2331,2331,44351,900,100.0,0.0,100.0,0.14,0.0,0.01,,100.0,0.0,100.0,100.0,2021-04-20 10:00:00,44351
2021-04-20 00:00:00,0 days 10:00:00,KRO,MC-SAMARINDA 2,PO21_01_KAL_1800_22,,19SMR189,408974,2331,2332,44352,900,100.0,3.77,83.33,5.47,0.0,0.18,,83.33,0.0,97.37,99.23,2021-04-20 10:00:00,44352
2021-04-20 00:00:00,0 days 10:00:00,KRO,MC-SAMARINDA 2,PO21_01_KAL_1800_22,,19SMR189,408974,2331,2333,44353,900,100.0,0.46,100.0,9014.63,0.0,2.19,100.0,100.0,0.99,99.89,98.25,2021-04-20 10:00:00,44353
2021-04-20 00:00:00,0 days 11:00:00,KRO,MC-SAMARINDA 2,PO21_01_KAL_1800_22,,19SMR189,408974,2331,2331,44351,900,100.0,0.0,,0.14,,0.0,,,0.0,,,2021-04-20 11:00:00,44351
2021-04-20 00:00:00,0 days 11:00:00,KRO,MC-SAMARINDA 2,PO21_01_KAL_1800_22,,19SMR189,408974,2331,2332,44352,900,100.0,5.0,100.0,43.93,0.0,0.32,100.0,100.0,0.0,94.93,98.56,2021-04-20 11:00:00,44352
2021-04-20 00:00:00,0 days 11:00:00,KRO,MC-SAMARINDA 2,PO21_01_KAL_1800_22,,19SMR189,408974,2331,2333,44353,900,100.0,0.11,97.26,1184.6,0.0,0.76,100.0,100.0,2.74,100.0,99.74,2021-04-20 11:00:00,44353
2021-04-20 00:00:00,0 days 12:00:00,KRO,MC-SAMARINDA 2,PO21_01_KAL_1800_22,,19SMR189,408974,2331,2331,44351,900,100.0,4.65,100.0,46.75,0.0,0.02,100.0,100.0,0.0,100.0,100.0,2021-04-20 12:00:00,44351
2021-04-20 00:00:00,0 days 12:00:00,KRO,MC-SAMARINDA 2,PO21_01_KAL_1800_22,,19SMR189,408974,2331,2332,44352,900,100.0,9.52,97.06,184.53,0.0,0.22,,100.0,2.94,98.72,98.98,2021-04-20 12:00:00,44352
2021-04-20 00:00:00,0 days 12:00:00,KRO,MC-SAMARINDA 2,PO21_01_KAL_1800_22,,19SMR189,408974,2331,2333,44353,900,100.0,0.08,97.78,1543.79,0.0,0.4,100.0,100.0,2.22,99.77,97.68,2021-04-20 12:00:00,44353
2021-04-20 00:00:00,0 days 13:00:00,KRO,MC-SAMARINDA 2,PO21_01_KAL_1800_22,,19SMR189,408974,2331,2331,44351,900,100.0,0.1,,904.02,,0.0,,,16.67,,,2021-04-20 13:00:00,44351
2021-04-20 00:00:00,0 days 13:00:00,KRO,MC-SAMARINDA 2,PO21_01_KAL_1800_22,,19SMR189,408974,2331,2332,44352,900,100.0,3.06,88.0,2.11,0.0,0.1,,100.0,12.0,81.92,98.59,2021-04-20 13:00:00,44352
2021-04-20 00:00:00,0 days 13:00:00,KRO,MC-SAMARINDA 2,PO21_01_KAL_1800_22,,19SMR189,408974,2331,2333,44353,900,100.0,1.25,97.22,41.29,0.0,0.5,100.0,100.0,2.78,100.0,99.01,2021-04-20 13:00:00,44353
2021-04-20 00:00:00,0 days 14:00:00,KRO,MC-SAMARINDA 2,PO21_01_KAL_1800_22,,19SMR189,408974,2331,2331,44351,900,100.0,0.03,100.0,712.07,0.0,0.1,,100.0,0.0,100.0,98.16,2021-04-20 14:00:00,44351
2021-04-20 00:00:00,0 days 14:00:00,KRO,MC-SAMARINDA 2,PO21_01_KAL_1800_22,,19SMR189,408974,2331,2332,44352,900,100.0,3.64,93.33,222.0,0.0,0.73,100.0,100.0,6.67,96.64,100.0,2021-04-20 14:00:00,44352
2021-04-20 00:00:00,0 days 14:00:00,KRO,MC-SAMARINDA 2,PO21_01_KAL_1800_22,,19SMR189,408974,2331,2333,44353,900,100.0,5.26,98.04,30.66,0.0,0.66,100.0,100.0,1.96,99.95,96.86,2021-04-20 14:00:00,44353
2021-04-20 00:00:00,0 days 15:00:00,KRO,MC-SAMARINDA 2,PO21_01_KAL_1800_22,,19SMR189,408974,2331,2331,44351,900,100.0,0.07,,734.93,,0.0,,,0.0,,,2021-04-20 15:00:00,44351
2021-04-20 00:00:00,0 days 15:00:00,KRO,MC-SAMARINDA 2,PO21_01_KAL_1800_22,,19SMR189,408974,2331,2332,44352,900,100.0,4.65,100.0,7.62,0.0,0.12,100.0,100.0,0.0,92.16,100.0,2021-04-20 15:00:00,44352
2021-04-20 00:00:00,0 days 15:00:00,KRO,MC-SAMARINDA 2,PO21_01_KAL_1800_22,,19SMR189,408974,2331,2333,44353,900,100.0,3.57,100.0,2.93,0.0,0.38,100.0,100.0,0.0,99.68,100.0,2021-04-20 15:00:00,44353
2021-04-20 00:00:00,0 days 16:00:00,KRO,MC-SAMARINDA 2,PO21_01_KAL_1800_22,,19SMR189,408974,2331,2331,44351,900,100.0,0.05,100.0,504.32,0.0,0.06,,100.0,0.0,100.0,93.66,2021-04-20 16:00:00,44351
2021-04-20 00:00:00,0 days 16:00:00,KRO,MC-SAMARINDA 2,PO21_01_KAL_1800_22,,19SMR189,408974,2331,2332,44352,900,100.0,2.94,97.3,5.52,0.0,0.44,100.0,100.0,2.7,98.07,94.27,2021-04-20 16:00:00,44352
2021-04-20 00:00:00,0 days 16:00:00,KRO,MC-SAMARINDA 2,PO21_01_KAL_1800_22,,19SMR189,408974,2331,2333,44353,900,100.0,10.26,100.0,6.59,0.0,0.18,100.0,100.0,0.0,99.67,99.33,2021-04-20 16:00:00,44353
2021-04-20 00:00:00,0 days 17:00:00,KRO,MC-SAMARINDA 2,PO21_01_KAL_1800_22,,19SMR189,408974,2331,2331,44351,900,100.0,0.08,,1016.45,0.0,0.52,100.0,,0.0,99.73,100.0,2021-04-20 17:00:00,44351
2021-04-20 00:00:00,0 days 17:00:00,KRO,MC-SAMARINDA 2,PO21_01_KAL_1800_22,,19SMR189,408974,2331,2332,44352,900,100.0,13.77,94.74,39.76,0.0,0.84,100.0,100.0,5.26,99.26,100.0,2021-04-20 17:00:00,44352
2021-04-20 00:00:00,0 days 17:00:00,KRO,MC-SAMARINDA 2,PO21_01_KAL_1800_22,,19SMR189,408974,2331,2333,44353,900,100.0,5.0,97.37,215.25,0.0,0.9,100.0,100.0,2.63,100.0,97.27,2021-04-20 17:00:00,44353
2021-04-20 00:00:00,0 days 18:00:00,KRO,MC-SAMARINDA 2,PO21_01_KAL_1800_22,,19SMR189,408974,2331,2331,44351,900,100.0,0.0,100.0,678.99,0.0,1.87,100.0,100.0,0.0,100.0,100.0,2021-04-20 18:00:00,44351
2021-04-20 00:00:00,0 days 18:00:00,KRO,MC-SAMARINDA 2,PO21_01_KAL_1800_22,,19SMR189,408974,2331,2332,44352,900,100.0,0.97,97.44,70.65,0.0,0.3,100.0,100.0,2.56,98.96,99.88,2021-04-20 18:00:00,44352
2021-04-20 00:00:00,0 days 18:00:00,KRO,MC-SAMARINDA 2,PO21_01_KAL_1800_22,,19SMR189,408974,2331,2333,44353,900,100.0,0.49,98.08,376.66,0.0,1.91,100.0,100.0,1.92,99.67,99.95,2021-04-20 18:00:00,44353
2021-04-20 00:00:00,0 days 19:00:00,KRO,MC-SAMARINDA 2,PO21_01_KAL_1800_22,,19SMR189,408974,2331,2331,44351,900,100.0,0.08,100.0,739.68,0.0,1.23,100.0,100.0,0.0,99.95,100.0,2021-04-20 19:00:00,44351
2021-04-20 00:00:00,0 days 19:00:00,KRO,MC-SAMARINDA 2,PO21_01_KAL_1800_22,,19SMR189,408974,2331,2332,44352,900,100.0,5.68,95.83,192.88,0.0,0.31,100.0,100.0,4.17,98.96,100.0,2021-04-20 19:00:00,44352
2021-04-20 00:00:00,0 days 19:00:00,KRO,MC-SAMARINDA 2,PO21_01_KAL_1800_22,,19SMR189,408974,2331,2333,44353,900,100.0,4.92,95.83,196.18,0.0,0.51,,100.0,4.17,100.0,96.46,2021-04-20 19:00:00,44353
2021-04-20 00:00:00,0 days 20:00:00,KRO,MC-SAMARINDA 2,PO21_01_KAL_1800_22,,19SMR189,408974,2331,2331,44351,900,100.0,0.12,,196.22,,0.0,,,50.0,,,2021-04-20 20:00:00,44351
2021-04-20 00:00:00,0 days 20:00:00,KRO,MC-SAMARINDA 2,PO21_01_KAL_1800_22,,19SMR189,408974,2331,2332,44352,900,100.0,3.03,94.44,332.66,0.0,0.48,100.0,100.0,5.56,96.6,100.0,2021-04-20 20:00:00,44352
2021-04-20 00:00:00,0 days 20:00:00,KRO,MC-SAMARINDA 2,PO21_01_KAL_1800_22,,19SMR189,408974,2331,2333,44353,900,100.0,0.29,100.0,5352.29,0.0,4.03,100.0,100.0,0.0,99.83,98.24,2021-04-20 20:00:00,44353
2021-04-20 00:00:00,0 days 21:00:00,KRO,MC-SAMARINDA 2,PO21_01_KAL_1800_22,,19SMR189,408974,2331,2331,44351,900,100.0,0.0,,0.14,,0.0,,,0.0,,,2021-04-20 21:00:00,44351
2021-04-20 00:00:00,0 days 21:00:00,KRO,MC-SAMARINDA 2,PO21_01_KAL_1800_22,,19SMR189,408974,2331,2332,44352,900,100.0,0.0,100.0,0.29,0.0,1.56,100.0,100.0,0.0,98.72,99.98,2021-04-20 21:00:00,44352
2021-04-20 00:00:00,0 days 21:00:00,KRO,MC-SAMARINDA 2,PO21_01_KAL_1800_22,,19SMR189,408974,2331,2333,44353,900,100.0,0.2,100.0,1006.29,0.0,2.31,100.0,100.0,0.0,99.97,100.0,2021-04-20 21:00:00,44353
2021-04-20 00:00:00,0 days 22:00:00,KRO,MC-SAMARINDA 2,PO21_01_KAL_1800_22,,19SMR189,408974,2331,2331,44351,900,100.0,0.0,,0.29,,0.0,,,0.0,,,2021-04-20 22:00:00,44351
2021-04-20 00:00:00,0 days 22:00:00,KRO,MC-SAMARINDA 2,PO21_01_KAL_1800_22,,19SMR189,408974,2331,2332,44352,900,100.0,6.9,,16.96,,2.0,,,0.0,,,2021-04-20 22:00:00,44352
2021-04-20 00:00:00,0 days 22:00:00,KRO,MC-SAMARINDA 2,PO21_01_KAL_1800_22,,19SMR189,408974,2331,2333,44353,900,100.0,0.13,100.0,875.43,0.0,1.56,,100.0,0.0,99.79,100.0,2021-04-20 22:00:00,44353
2021-04-21 00:00:00,0 days 00:00:00,KRO,MC-SAMARINDA 2,PO21_01_KAL_1800_22,,19SMR189,408974,2331,2331,44351,900,100.0,0.0,100.0,0.14,,0.01,100.0,100.0,0.0,100.0,100.0,2021-04-21 00:00:00,44351
2021-04-21 00:00:00,0 days 00:00:00,KRO,MC-SAMARINDA 2,PO21_01_KAL_1800_22,,19SMR189,408974,2331,2332,44352,900,100.0,1.27,,258.88,0.0,0.02,,,0.0,97.78,100.0,2021-04-21 00:00:00,44352
2021-04-21 00:00:00,0 days 00:00:00,KRO,MC-SAMARINDA 2,PO21_01_KAL_1800_22,,19SMR189,408974,2331,2333,44353,900,100.0,1.85,,6.21,,0.0,,,3.45,,,2021-04-21 00:00:00,44353
2021-04-21 00:00:00,0 days 01:00:00,KRO,MC-SAMARINDA 2,PO21_01_KAL_1800_22,,19SMR189,408974,2331,2331,44351,900,97.8,0.0,,2.25,,0.0,,,0.0,,,2021-04-21 01:00:00,44351
2021-04-21 00:00:00,0 days 01:00:00,KRO,MC-SAMARINDA 2,PO21_01_KAL_1800_22,,19SMR189,408974,2331,2332,44352,900,97.8,4.08,,76.66,,0.0,,,0.0,,,2021-04-21 01:00:00,44352
2021-04-21 00:00:00,0 days 01:00:00,KRO,MC-SAMARINDA 2,PO21_01_KAL_1800_22,,19SMR189,408974,2331,2333,44353,900,97.8,1.37,,31.7,,0.0,,,0.0,,,2021-04-21 01:00:00,44353
2021-04-21 00:00:00,0 days 02:00:00,KRO,MC-SAMARINDA 2,PO21_01_KAL_1800_22,,19SMR189,408974,2331,2331,44351,900,97.8,0.0,,0.72,,0.0,,,0.0,,,2021-04-21 02:00:00,44351
2021-04-21 00:00:00,0 days 02:00:00,KRO,MC-SAMARINDA 2,PO21_01_KAL_1800_22,,19SMR189,408974,2331,2332,44352,900,97.8,0.0,91.67,0.29,0.0,0.08,,100.0,8.33,99.6,100.0,2021-04-21 02:00:00,44352
2021-04-21 00:00:00,0 days 02:00:00,KRO,MC-SAMARINDA 2,PO21_01_KAL_1800_22,,19SMR189,408974,2331,2333,44353,900,97.8,0.55,100.0,1770.06,,0.01,100.0,100.0,0.0,100.0,93.51,2021-04-21 02:00:00,44353
2021-04-21 00:00:00,0 days 03:00:00,KRO,MC-SAMARINDA 2,PO21_01_KAL_1800_22,,19SMR189,408974,2331,2331,44351,900,97.8,53.49,,39.85,,0.0,,,0.0,,,2021-04-21 03:00:00,44351
2021-04-21 00:00:00,0 days 03:00:00,KRO,MC-SAMARINDA 2,PO21_01_KAL_1800_22,,19SMR189,408974,2331,2332,44352,900,97.8,0.63,,724.59,0.0,0.08,,,0.0,98.61,100.0,2021-04-21 03:00:00,44352
2021-04-21 00:00:00,0 days 03:00:00,KRO,MC-SAMARINDA 2,PO21_01_KAL_1800_22,,19SMR189,408974,2331,2333,44353,900,97.8,0.0,100.0,172.11,0.0,0.08,,100.0,0.0,100.0,100.0,2021-04-21 03:00:00,44353
2021-04-21 00:00:00,0 days 04:00:00,KRO,MC-SAMARINDA 2,PO21_01_KAL_1800_22,,19SMR189,408974,2331,2331,44351,900,100.0,0.0,100.0,0.35,0.0,0.01,,100.0,0.0,100.0,100.0,2021-04-21 04:00:00,44351
2021-04-21 00:00:00,0 days 04:00:00,KRO,MC-SAMARINDA 2,PO21_01_KAL_1800_22,,19SMR189,408974,2331,2332,44352,900,100.0,10.14,66.67,179.53,0.0,0.0,,100.0,29.41,100.0,100.0,2021-04-21 04:00:00,44352
2021-04-21 00:00:00,0 days 04:00:00,KRO,MC-SAMARINDA 2,PO21_01_KAL_1800_22,,19SMR189,408974,2331,2333,44353,900,100.0,0.0,100.0,12.58,0.0,0.03,,100.0,0.0,100.0,100.0,2021-04-21 04:00:00,44353
2021-04-21 00:00:00,0 days 05:00:00,KRO,MC-SAMARINDA 2,PO21_01_KAL_1800_22,,19SMR189,408974,2331,2331,44351,900,100.0,2.03,,233.65,,0.0,,,0.0,,,2021-04-21 05:00:00,44351
2021-04-21 00:00:00,0 days 05:00:00,KRO,MC-SAMARINDA 2,PO21_01_KAL_1800_22,,19SMR189,408974,2331,2332,44352,900,100.0,2.55,102.5,217.81,0.0,0.04,,100.0,0.0,100.0,100.0,2021-04-21 05:00:00,44352
2021-04-21 00:00:00,0 days 05:00:00,KRO,MC-SAMARINDA 2,PO21_01_KAL_1800_22,,19SMR189,408974,2331,2333,44353,900,100.0,1.1,100.0,1619.89,0.0,0.12,,100.0,0.0,99.54,100.0,2021-04-21 05:00:00,44353
2021-04-21 00:00:00,0 days 06:00:00,KRO,MC-SAMARINDA 2,PO21_01_KAL_1800_22,,19SMR189,408974,2331,2331,44351,900,100.0,0.0,,0.14,,0.0,,,0.0,,,2021-04-21 06:00:00,44351
2021-04-21 00:00:00,0 days 06:00:00,KRO,MC-SAMARINDA 2,PO21_01_KAL_1800_22,,19SMR189,408974,2331,2332,44352,900,100.0,4.0,75.0,43.64,0.0,0.03,,100.0,25.0,97.98,100.0,2021-04-21 06:00:00,44352
2021-04-21 00:00:00,0 days 06:00:00,KRO,MC-SAMARINDA 2,PO21_01_KAL_1800_22,,19SMR189,408974,2331,2333,44353,900,100.0,17.44,96.08,456.47,0.0,0.11,100.0,100.0,3.92,97.95,100.0,2021-04-21 06:00:00,44353
2021-04-21 00:00:00,0 days 07:00:00,KRO,MC-SAMARINDA 2,PO21_01_KAL_1800_22,,19SMR189,408974,2331,2331,44351,900,100.0,0.0,,1.16,,0.03,100.0,,0.0,100.0,100.0,2021-04-21 07:00:00,44351
2021-04-21 00:00:00,0 days 07:00:00,KRO,MC-SAMARINDA 2,PO21_01_KAL_1800_22,,19SMR189,408974,2331,2332,44352,900,100.0,0.0,88.1,161.62,0.0,0.39,100.0,100.0,11.9,98.64,99.73,2021-04-21 07:00:00,44352
2021-04-21 00:00:00,0 days 07:00:00,KRO,MC-SAMARINDA 2,PO21_01_KAL_1800_22,,19SMR189,408974,2331,2333,44353,900,100.0,5.29,94.59,492.9,0.0,0.56,,100.0,5.41,99.08,99.64,2021-04-21 07:00:00,44353
2021-04-21 00:00:00,0 days 08:00:00,KRO,MC-SAMARINDA 2,PO21_01_KAL_1800_22,,19SMR189,408974,2331,2331,44351,900,100.0,0.0,,0.14,,0.0,,,0.0,,,2021-04-21 08:00:00,44351
2021-04-21 00:00:00,0 days 08:00:00,KRO,MC-SAMARINDA 2,PO21_01_KAL_1800_22,,19SMR189,408974,2331,2332,44352,900,100.0,5.13,93.94,64.26,0.0,0.04,100.0,100.0,6.06,98.35,100.0,2021-04-21 08:00:00,44352
2021-04-21 00:00:00,0 days 08:00:00,KRO,MC-SAMARINDA 2,PO21_01_KAL_1800_22,,19SMR189,408974,2331,2333,44353,900,100.0,4.64,97.2,2449.91,0.0,0.96,100.0,100.0,2.8,99.91,98.58,2021-04-21 08:00:00,44353
2021-04-21 00:00:00,0 days 09:00:00,KRO,MC-SAMARINDA 2,PO21_01_KAL_1800_22,,19SMR189,408974,2331,2331,44351,900,100.0,5.26,,0.43,,0.0,,,0.0,,,2021-04-21 09:00:00,44351
2021-04-21 00:00:00,0 days 09:00:00,KRO,MC-SAMARINDA 2,PO21_01_KAL_1800_22,,19SMR189,408974,2331,2332,44352,900,100.0,10.49,93.75,1865.93,0.0,0.26,,100.0,6.25,98.78,98.06,2021-04-21 09:00:00,44352
2021-04-21 00:00:00,0 days 09:00:00,KRO,MC-SAMARINDA 2,PO21_01_KAL_1800_22,,19SMR189,408974,2331,2333,44353,900,100.0,4.12,98.97,688.23,0.0,1.32,100.0,100.0,1.03,99.96,98.81,2021-04-21 09:00:00,44353
2021-04-21 00:00:00,0 days 10:00:00,KRO,MC-SAMARINDA 2,PO21_01_KAL_1800_22,,19SMR189,408974,2331,2331,44351,900,100.0,7.14,100.0,0.29,,0.02,100.0,100.0,0.0,97.22,96.3,2021-04-21 10:00:00,44351
2021-04-21 00:00:00,0 days 10:00:00,KRO,MC-SAMARINDA 2,PO21_01_KAL_1800_22,,19SMR189,408974,2331,2332,44352,900,100.0,6.94,100.0,9.72,0.0,0.39,100.0,100.0,0.0,97.93,99.65,2021-04-21 10:00:00,44352
2021-04-21 00:00:00,0 days 10:00:00,KRO,MC-SAMARINDA 2,PO21_01_KAL_1800_22,,19SMR189,408974,2331,2333,44353,900,100.0,3.88,96.88,294.87,0.0,1.72,100.0,100.0,3.12,99.7,99.2,2021-04-21 10:00:00,44353
2021-04-21 00:00:00,0 days 11:00:00,KRO,MC-SAMARINDA 2,PO21_01_KAL_1800_22,,19SMR189,408974,2331,2331,44351,900,100.0,0.0,100.0,1.45,0.0,0.0,100.0,100.0,0.0,100.0,58.33,2021-04-21 11:00:00,44351
2021-04-21 00:00:00,0 days 11:00:00,KRO,MC-SAMARINDA 2,PO21_01_KAL_1800_22,,19SMR189,408974,2331,2332,44352,900,100.0,6.16,96.97,421.17,9.09,1.18,100.0,100.0,3.03,80.23,97.36,2021-04-21 11:00:00,44352
2021-04-21 00:00:00,0 days 11:00:00,KRO,MC-SAMARINDA 2,PO21_01_KAL_1800_22,,19SMR189,408974,2331,2333,44353,900,100.0,3.01,98.18,187.24,0.0,0.89,100.0,100.0,1.82,100.0,97.46,2021-04-21 11:00:00,44353
2021-04-21 00:00:00,0 days 12:00:00,KRO,MC-SAMARINDA 2,PO21_01_KAL_1800_22,,19SMR189,408974,2331,2331,44351,900,100.0,-7.69,,0.0,,0.0,,,0.0,,,2021-04-21 12:00:00,44351
2021-04-21 00:00:00,0 days 12:00:00,KRO,MC-SAMARINDA 2,PO21_01_KAL_1800_22,,19SMR189,408974,2331,2332,44352,900,100.0,4.53,95.0,865.02,0.0,0.12,100.0,100.0,5.0,95.96,95.29,2021-04-21 12:00:00,44352
2021-04-21 00:00:00,0 days 12:00:00,KRO,MC-SAMARINDA 2,PO21_01_KAL_1800_22,,19SMR189,408974,2331,2333,44353,900,100.0,3.35,97.14,1173.35,0.0,1.79,100.0,100.0,2.86,99.29,99.33,2021-04-21 12:00:00,44353
2021-04-21 00:00:00,0 days 13:00:00,KRO,MC-SAMARINDA 2,PO21_01_KAL_1800_22,,19SMR189,408974,2331,2331,44351,900,100.0,20.0,,2.19,,0.0,,,0.0,,,2021-04-21 13:00:00,44351
2021-04-21 00:00:00,0 days 13:00:00,KRO,MC-SAMARINDA 2,PO21_01_KAL_1800_22,,19SMR189,408974,2331,2332,44352,900,100.0,5.3,93.88,757.73,0.0,0.48,100.0,100.0,6.12,95.92,99.38,2021-04-21 13:00:00,44352
2021-04-21 00:00:00,0 days 13:00:00,KRO,MC-SAMARINDA 2,PO21_01_KAL_1800_22,,19SMR189,408974,2331,2333,44353,900,100.0,10.69,98.55,150.46,0.0,0.4,,100.0,1.45,99.92,89.16,2021-04-21 13:00:00,44353
2021-04-21 00:00:00,0 days 14:00:00,KRO,MC-SAMARINDA 2,PO21_01_KAL_1800_22,,19SMR189,408974,2331,2331,44351,900,100.0,3.45,100.0,0.58,0.0,0.08,100.0,100.0,0.0,100.0,100.0,2021-04-21 14:00:00,44351
2021-04-21 00:00:00,0 days 14:00:00,KRO,MC-SAMARINDA 2,PO21_01_KAL_1800_22,,19SMR189,408974,2331,2332,44352,900,100.0,8.38,82.81,1267.38,0.0,0.26,100.0,100.0,17.19,92.52,97.03,2021-04-21 14:00:00,44352
2021-04-21 00:00:00,0 days 14:00:00,KRO,MC-SAMARINDA 2,PO21_01_KAL_1800_22,,19SMR189,408974,2331,2333,44353,900,100.0,5.0,97.37,38.23,0.0,0.51,100.0,100.0,2.63,99.72,99.49,2021-04-21 14:00:00,44353
2021-04-21 00:00:00,0 days 15:00:00,KRO,MC-SAMARINDA 2,PO21_01_KAL_1800_22,,19SMR189,408974,2331,2331,44351,900,100.0,8.02,,2376.75,,0.0,,,0.0,,,2021-04-21 15:00:00,44351
2021-04-21 00:00:00,0 days 15:00:00,KRO,MC-SAMARINDA 2,PO21_01_KAL_1800_22,,19SMR189,408974,2331,2332,44352,900,100.0,10.53,94.44,686.21,0.0,0.18,100.0,100.0,5.56,98.59,100.0,2021-04-21 15:00:00,44352
2021-04-21 00:00:00,0 days 15:00:00,KRO,MC-SAMARINDA 2,PO21_01_KAL_1800_22,,19SMR189,408974,2331,2333,44353,900,100.0,4.55,100.0,118.27,0.0,1.19,100.0,100.0,0.0,99.86,99.38,2021-04-21 15:00:00,44353
2021-04-21 00:00:00,0 days 16:00:00,KRO,MC-SAMARINDA 2,PO21_01_KAL_1800_22,,19SMR189,408974,2331,2331,44351,900,100.0,3.66,87.5,476.78,0.0,0.07,100.0,100.0,12.5,100.0,100.0,2021-04-21 16:00:00,44351
2021-04-21 00:00:00,0 days 16:00:00,KRO,MC-SAMARINDA 2,PO21_01_KAL_1800_22,,19SMR189,408974,2331,2332,44352,900,100.0,6.65,96.77,1104.41,0.0,0.2,100.0,100.0,3.23,98.06,99.87,2021-04-21 16:00:00,44352
2021-04-21 00:00:00,0 days 16:00:00,KRO,MC-SAMARINDA 2,PO21_01_KAL_1800_22,,19SMR189,408974,2331,2333,44353,900,100.0,3.51,98.55,2.81,0.0,1.79,100.0,100.0,1.45,99.5,99.92,2021-04-21 16:00:00,44353
2021-04-21 00:00:00,0 days 17:00:00,KRO,MC-SAMARINDA 2,PO21_01_KAL_1800_22,,19SMR189,408974,2331,2331,44351,900,97.8,-20.0,100.0,0.0,0.0,0.99,,100.0,0.0,100.0,92.9,2021-04-21 17:00:00,44351
2021-04-21 00:00:00,0 days 17:00:00,KRO,MC-SAMARINDA 2,PO21_01_KAL_1800_22,,19SMR189,408974,2331,2332,44352,900,97.8,4.11,96.77,569.93,0.0,0.73,100.0,100.0,3.23,98.71,99.81,2021-04-21 17:00:00,44352
2021-04-21 00:00:00,0 days 17:00:00,KRO,MC-SAMARINDA 2,PO21_01_KAL_1800_22,,19SMR189,408974,2331,2333,44353,900,97.8,11.11,100.0,31.33,0.0,0.67,100.0,100.0,0.0,99.89,99.21,2021-04-21 17:00:00,44353
2021-04-21 00:00:00,0 days 18:00:00,KRO,MC-SAMARINDA 2,PO21_01_KAL_1800_22,,19SMR189,408974,2331,2331,44351,900,100.0,0.88,100.0,2976.49,0.0,0.29,100.0,100.0,0.0,99.9,100.0,2021-04-21 18:00:00,44351
2021-04-21 00:00:00,0 days 18:00:00,KRO,MC-SAMARINDA 2,PO21_01_KAL_1800_22,,19SMR189,408974,2331,2332,44352,900,100.0,2.7,100.0,2476.31,0.0,1.97,100.0,100.0,0.0,98.29,99.89,2021-04-21 18:00:00,44352
2021-04-21 00:00:00,0 days 18:00:00,KRO,MC-SAMARINDA 2,PO21_01_KAL_1800_22,,19SMR189,408974,2331,2333,44353,900,100.0,5.47,102.25,21499.56,0.0,1.16,100.0,104.0,1.68,98.55,99.81,2021-04-21 18:00:00,44353
2021-04-21 00:00:00,0 days 19:00:00,KRO,MC-SAMARINDA 2,PO21_01_KAL_1800_22,,19SMR189,408974,2331,2331,44351,900,100.0,2.17,100.0,33.58,-0.0,0.18,100.0,100.0,0.0,100.0,100.0,2021-04-21 19:00:00,44351
2021-04-21 00:00:00,0 days 19:00:00,KRO,MC-SAMARINDA 2,PO21_01_KAL_1800_22,,19SMR189,408974,2331,2332,44352,900,100.0,1.18,93.33,44.73,0.0,2.6,100.0,100.0,6.67,97.01,98.17,2021-04-21 19:00:00,44352
2021-04-21 00:00:00,0 days 19:00:00,KRO,MC-SAMARINDA 2,PO21_01_KAL_1800_22,,19SMR189,408974,2331,2333,44353,900,100.0,0.0,90.77,0.72,0.0,0.28,,93.75,1.61,99.82,99.19,2021-04-21 19:00:00,44353
2021-04-21 00:00:00,0 days 20:00:00,KRO,MC-SAMARINDA 2,PO21_01_KAL_1800_22,,19SMR189,408974,2331,2331,44351,900,100.0,0.0,100.0,0.87,0.0,0.08,100.0,100.0,0.0,100.0,100.0,2021-04-21 20:00:00,44351
2021-04-21 00:00:00,0 days 20:00:00,KRO,MC-SAMARINDA 2,PO21_01_KAL_1800_22,,19SMR189,408974,2331,2332,44352,900,100.0,0.58,91.3,10.73,0.0,0.4,100.0,100.0,8.7,99.57,99.8,2021-04-21 20:00:00,44352
2021-04-21 00:00:00,0 days 20:00:00,KRO,MC-SAMARINDA 2,PO21_01_KAL_1800_22,,19SMR189,408974,2331,2333,44353,900,100.0,2.7,94.83,2.1,0.0,2.06,100.0,100.0,6.78,99.91,99.99,2021-04-21 20:00:00,44353
2021-04-21 00:00:00,0 days 21:00:00,KRO,MC-SAMARINDA 2,PO21_01_KAL_1800_22,,19SMR189,408974,2331,2331,44351,900,100.0,0.0,100.0,0.14,0.0,0.02,,100.0,0.0,100.0,100.0,2021-04-21 21:00:00,44351
2021-04-21 00:00:00,0 days 21:00:00,KRO,MC-SAMARINDA 2,PO21_01_KAL_1800_22,,19SMR189,408974,2331,2332,44352,900,100.0,1.33,90.91,4.59,0.0,0.19,100.0,100.0,9.09,99.27,100.0,2021-04-21 21:00:00,44352
2021-04-21 00:00:00,0 days 21:00:00,KRO,MC-SAMARINDA 2,PO21_01_KAL_1800_22,,19SMR189,408974,2331,2333,44353,900,100.0,4.71,98.48,146.2,0.0,2.87,100.0,100.0,1.52,99.82,99.95,2021-04-21 21:00:00,44353
2021-04-21 00:00:00,0 days 22:00:00,KRO,MC-SAMARINDA 2,PO21_01_KAL_1800_22,,19SMR189,408974,2331,2331,44351,900,100.0,0.0,,0.54,,0.0,,,0.0,,,2021-04-21 22:00:00,44351
2021-04-21 00:00:00,0 days 22:00:00,KRO,MC-SAMARINDA 2,PO21_01_KAL_1800_22,,19SMR189,408974,2331,2332,44352,900,100.0,1.96,100.0,2407.91,0.0,0.66,100.0,100.0,0.0,98.75,100.0,2021-04-21 22:00:00,44352
2021-04-21 00:00:00,0 days 22:00:00,KRO,MC-SAMARINDA 2,PO21_01_KAL_1800_22,,19SMR189,408974,2331,2333,44353,900,100.0,1.85,100.0,3.43,0.0,1.81,100.0,100.0,0.0,99.93,100.0,2021-04-21 22:00:00,44353
2021-04-22 00:00:00,0 days 00:00:00,KRO,MC-SAMARINDA 2,PO21_01_KAL_1800_22,,19SMR189,408974,2331,2331,44351,900,100.0,0.0,,0.14,,0.0,,,0.0,,,2021-04-22 00:00:00,44351
2021-04-22 00:00:00,0 days 00:00:00,KRO,MC-SAMARINDA 2,PO21_01_KAL_1800_22,,19SMR189,408974,2331,2332,44352,900,100.0,0.0,,1.16,,0.0,,,0.0,,,2021-04-22 00:00:00,44352
2021-04-22 00:00:00,0 days 00:00:00,KRO,MC-SAMARINDA 2,PO21_01_KAL_1800_22,,19SMR189,408974,2331,2333,44353,900,100.0,0.0,,0.58,,0.0,,,0.0,,,2021-04-22 00:00:00,44353
2021-04-22 00:00:00,0 days 01:00:00,KRO,MC-SAMARINDA 2,PO21_01_KAL_1800_22,,19SMR189,408974,2331,2331,44351,900,100.0,0.0,,0.43,,0.0,,,0.0,,,2021-04-22 01:00:00,44351
2021-04-22 00:00:00,0 days 01:00:00,KRO,MC-SAMARINDA 2,PO21_01_KAL_1800_22,,19SMR189,408974,2331,2332,44352,900,100.0,9.6,100.0,469.82,0.0,0.03,,100.0,0.0,99.49,97.96,2021-04-22 01:00:00,44352
2021-04-22 00:00:00,0 days 01:00:00,KRO,MC-SAMARINDA 2,PO21_01_KAL_1800_22,,19SMR189,408974,2331,2333,44353,900,100.0,6.56,,15.75,,0.0,,,7.14,,,2021-04-22 01:00:00,44353
2021-04-22 00:00:00,0 days 02:00:00,KRO,MC-SAMARINDA 2,PO21_01_KAL_1800_22,,19SMR189,408974,2331,2331,44351,900,100.0,0.0,,0.32,,0.0,,,0.0,,,2021-04-22 02:00:00,44351
2021-04-22 00:00:00,0 days 02:00:00,KRO,MC-SAMARINDA 2,PO21_01_KAL_1800_22,,19SMR189,408974,2331,2332,44352,900,100.0,4.17,100.0,82.45,0.0,0.09,,100.0,0.0,96.82,99.68,2021-04-22 02:00:00,44352
2021-04-22 00:00:00,0 days 02:00:00,KRO,MC-SAMARINDA 2,PO21_01_KAL_1800_22,,19SMR189,408974,2331,2333,44353,900,100.0,0.0,100.0,88.23,0.0,0.01,,100.0,0.0,100.0,100.0,2021-04-22 02:00:00,44353
2021-04-22 00:00:00,0 days 03:00:00,KRO,MC-SAMARINDA 2,PO21_01_KAL_1800_22,,19SMR189,408974,2331,2331,44351,900,100.0,0.0,,0.14,,0.0,,,,,,2021-04-22 03:00:00,44351
2021-04-22 00:00:00,0 days 03:00:00,KRO,MC-SAMARINDA 2,PO21_01_KAL_1800_22,,19SMR189,408974,2331,2332,44352,900,100.0,0.0,100.0,164.0,0.0,0.01,,100.0,0.0,100.0,100.0,2021-04-22 03:00:00,44352
2021-04-22 00:00:00,0 days 03:00:00,KRO,MC-SAMARINDA 2,PO21_01_KAL_1800_22,,19SMR189,408974,2331,2333,44353,900,100.0,0.0,100.0,8.65,0.0,0.33,,100.0,0.0,99.52,98.95,2021-04-22 03:00:00,44353
2021-04-22 00:00:00,0 days 04:00:00,KRO,MC-SAMARINDA 2,PO21_01_KAL_1800_22,,19SMR189,408974,2331,2331,44351,900,100.0,0.0,,0.14,,0.0,,,0.0,,,2021-04-22 04:00:00,44351
2021-04-22 00:00:00,0 days 04:00:00,KRO,MC-SAMARINDA 2,PO21_01_KAL_1800_22,,19SMR189,408974,2331,2332,44352,900,100.0,1.83,94.12,107.52,,0.01,100.0,100.0,5.88,100.0,100.0,2021-04-22 04:00:00,44352
2021-04-22 00:00:00,0 days 04:00:00,KRO,MC-SAMARINDA 2,PO21_01_KAL_1800_22,,19SMR189,408974,2331,2333,44353,900,100.0,0.0,100.0,21.79,0.0,0.07,,100.0,0.0,100.0,100.0,2021-04-22 04:00:00,44353
